SN.,Title,Registration Number,Registration Date,Language,Periodicity,Publisher,Owner,Publication State,Publication District,Action
73501,THE SHER-I-PUNJAB,565,04-03-1957,Urdu,Weekly,SWADESH BAHADUR SINGH,SHER-I-PUNJAB PUBLICATIONS,Delhi,New Delhi,View  registration details for THE SHER-I-PUNJAB (565)
73502,The Shikshan Times,RJBIL/26/A4332,27-05-2026,"Hindi, English",Weekly,DHIRENDRA KUMAR GUPTA,DHIRENDRA KUMAR GUPTA,Rajasthan,Udaipur,View  registration details for The Shikshan Times (RJBIL/26/A4332)
73503,THE SHILLONG TIMES,13759,12-11-2009,English,Daily,SHOBHA CHAUDHURI,SHILLONG TIMES PRIVATE LIMITED,Meghalaya,East Khasi Hills,View  registration details for THE SHILLONG TIMES (13759)
73504,THE SHIPPING OBSERVER,MAHENG/2013/54920,11-03-2014,English,Weekly,CAPT. NADIRSHAH N. DHOLAKIA,CAPT. NADIRSHAH N. DHOLAKIA,Maharashtra,Mumbai,View  registration details for THE SHIPPING OBSERVER (MAHENG/2013/54920)
73505,THE SHIRALA NEWS,MAHMAR/2013/57215,12-09-2014,Marathi,Weekly,NAVNATH HANMANT GURAV PATIL,NAVNATH HANAMANT GURAV PATIL,Maharashtra,Sangli,View  registration details for THE SHIRALA NEWS (MAHMAR/2013/57215)
73506,THE SHIRGUL TIMES,HPBIL/2022/83736,12-04-2023,"English, HINDI",Weekly,KAVI RAJ,KAVI RAJ,Himachal Pradesh,Solan,View  registration details for THE SHIRGUL TIMES (HPBIL/2022/83736)
73507,THE SHIVAJI TIMES,MAHMAR/2016/69391,17-11-2016,Marathi,Weekly,KAILASH NIVRUTTI JOGDAND,KAILASHNIVRUTTIJOGDAND,Maharashtra,Pune,View  registration details for THE SHIVAJI TIMES (MAHMAR/2016/69391)
73508,THE SHOCKING TRUTH,JKENG/2018/75086,07-05-2018,English,Weekly,NITISH GUPTA,NITISH GUPTA,Jammu and Kashmir,Jammu,View  registration details for THE SHOCKING TRUTH (JKENG/2018/75086)
73509,THE SHOOTER,CHHHIN/2013/49327,25-04-2013,Hindi,Daily,RUPESH DUBEY,RUPESH DUBEY,Chhattisgarh,Surajpur,View  registration details for THE SHOOTER (CHHHIN/2013/49327)
73510,THE SHOURYA VARTA,UPHIN/26/A3840,18-05-2026,Hindi,Monthly,SHANKAR PRASAD,SHANKAR PRASAD,Uttar Pradesh,Lucknow,View  registration details for THE SHOURYA VARTA (UPHIN/26/A3840)
73511,THE SIASAT,3127,30-07-1993,Urdu,Daily,ZAHID ALI KHAN,SIASAT DAILY,Telangana,Hyderabad,View  registration details for THE SIASAT (3127)
73512,THE SIASAT DAILY,1141,15-08-1949,Urdu,Daily,ABID ALI KHAN,ABID ALI KHAN,Telangana,Hyderabad,View  registration details for THE SIASAT DAILY (1141)
73513,THE SIDDHARTH TIMES,GUJENG/2017/75330,30-05-2018,English,Fortnightly,RAVI AJABLAL PANCHOLI,RAVI AJABLAL PANCHOLI,Gujarat,Dahod,View  registration details for THE SIDDHARTH TIMES (GUJENG/2017/75330)
73514,THE SIDDIPET TIMES,APTEL/2012/52025,16-09-2013,Telugu,Daily,L.RAVICHANDRA,L.RAVI CHANDRA,Andhra Pradesh,Medak,View  registration details for THE SIDDIPET TIMES (APTEL/2012/52025)
73515,THE SIKH DESIRE,RAJHIN/2006/17128,30-08-2006,Hindi,Fortnightly,KULDIP SINGH BARAR,KULDIP SINGH BARAR,Rajasthan,Hanumangarh,View  registration details for THE SIKH DESIRE (RAJHIN/2006/17128)
73516,THE SIKH REVIEW,2782,04-03-1957,English,Monthly,NARINDER PAL SINGH,THE SIKH CULTURAL CENTRE,West Bengal,Kolkata,View  registration details for THE SIKH REVIEW (2782)
73517,THE SIKH TIMES,DELPUN/2005/15078,04-08-2005,Punjabi,Weekly,GURCHARAN SINGH BABBAR,GURCHARAN SINGH BABBAR,Delhi,New Delhi,View  registration details for THE SIKH TIMES (DELPUN/2005/15078)
73518,THE SIKH TIMES,DELENG/2008/25465,02-09-2008,English,Daily,SIMMI BABBAR,SIMMI BABBAR,Delhi,New Delhi,View  registration details for THE SIKH TIMES (DELENG/2008/25465)
73519,THE SIKKIM TIMES,SIKBIL/2018/76791,30-01-2019,English,Monthly,POOJA SHARMA,POOJA SHARMA,Sikkim,East Sikkim,View  registration details for THE SIKKIM TIMES (SIKBIL/2018/76791)
73520,THE SILCHAR TIMES,ASSBEN/2008/24297,13-06-2008,Bengali,Weekly,SUNALI NATH,SUNALI NATH,Assam,Cachar,View  registration details for THE SILCHAR TIMES (ASSBEN/2008/24297)
73521,THE SILENT LOGOS,42983,05-03-1985,English,Quarterly,,,,,View  registration details for THE SILENT LOGOS (42983)
73522,THE SILICON REVIEW,KARENG/2017/75691,18-07-2018,English,Monthly,MANISH KUMAR PANDEY,MANISH KUMAR PANDEY,Karnataka,Bengaluru,View  registration details for THE SILICON REVIEW (KARENG/2017/75691)
73523,THE SILVER CROP,UPHIN/2008/24312,05-06-2008,Hindi,Weekly,SHRADDHA SINGH,SHRADDHA SINGH,Uttar Pradesh,Kanpur Nagar,View  registration details for THE SILVER CROP (UPHIN/2008/24312)
73524,THE SIMPLE TIMES OF PUBLIC,MAHENG/2008/26049,07-11-2008,English,Weekly,BADDY HEMANTKUMAR GANGARAM,BADDY HEMANTKUMAR GANGARAM,Maharashtra,Thane,View  registration details for THE SIMPLE TIMES OF PUBLIC (MAHENG/2008/26049)
73525,THE SIMPLE TRUTH,DELENG/2007/22652,21-01-2008,English,Monthly,KHAWAJA MD. QUTBUDDIN,MARKAZI JAMIAT AHLE HADEES HIND,Delhi,New Delhi,View  registration details for THE SIMPLE TRUTH (DELENG/2007/22652)
73526,THE SINDHIAN,MAHENG/2018/76122,26-09-2018,English,Quarterly,RAJ LALCHANDANI,RAJ LALCHANDANI,Maharashtra,Mumbai,View  registration details for THE SINDHIAN (MAHENG/2018/76122)
73527,THE SMART CAREERS,GUJGUJ/2008/23345,19-03-2008,Gujarati,Monthly,BHARATRAY KANJIBHAI HIRPARA,BHARATRAY KANJIBHAI HIRPARA,Gujarat,Junagadh,View  registration details for THE SMART CAREERS (GUJGUJ/2008/23345)
73528,The Smart Gujarat,GJGUJ/26/A5449,23-06-2026,Gujarati,Weekly,ISHAK YUSUF RANTA,ISHAK YUSUF RANTA,Gujarat,Panchmahal,View  registration details for The Smart Gujarat (GJGUJ/26/A5449)
73529,THE SMART INVESTOR,53226,01-01-1994,,,,,,,View  registration details for THE SMART INVESTOR (53226)
73530,THE SMART MANAGER,MAHENG/2002/06412,18-04-2002,English,Quarterly,MUKUND BERIWALA,M/S SMART MANAGER MEDIA PVT LTD,Maharashtra,Mumbai,View  registration details for THE SMART MANAGER (MAHENG/2002/06412)
73531,THE SMART READER,KERBIL/2015/68670,08-09-2016,"English, Malayalam",Monthly,PRAKASH BABU P.,PRAKASH BABU P.,Kerala,Kozhikode,View  registration details for THE SMART READER (KERBIL/2015/68670)
73532,THE SMART TIMES,RAJBIL/2016/66760,21-04-2016,"English, HINDI",Fortnightly,RUCHI JAIN,RUCHI JAIN,Rajasthan,Jaipur,View  registration details for THE SMART TIMES (RAJBIL/2016/66760)
73533,THE SNEH TIMES,UPHIN/2015/61603,29-04-2015,Hindi,Weekly,RINA SINGH CHAUHAN,RINA SINGH CHAUHAN,Uttar Pradesh,Fatehpur,View  registration details for THE SNEH TIMES (UPHIN/2015/61603)
73534,THE SOCIAL LIGHT,DELHIN/2021/81536,02-06-2022,Hindi,Fortnightly,SONU,SONU,Delhi,New Delhi,View  registration details for THE SOCIAL LIGHT (DELHIN/2021/81536)
73535,The Socity Journalist,MHMUL/26/A1249,18-02-2026,"Hindi, Marathi, Gujarati, English",Weekly,Pratik chandrakant Thakur,Pratik chandrakant Thakur,Maharashtra,Palghar,View  registration details for The Socity Journalist (MHMUL/26/A1249)
73536,THE SOMESHWAR SATHI,MAHMAR/2020/79346,01-02-2021,Marathi,Daily,BALASAHEB SITARAM PHAD,BALASAHEB SITARAM PHAD,Maharashtra,Beed,View  registration details for THE SOMESHWAR SATHI (MAHMAR/2020/79346)
73537,THE SONGARH NEWS,MPHIN/2024/89886,28-10-2024,HINDI,Quarterly,PRAMOD KUMAR RATHORE,PRAMOD KUMAR RATHORE,Madhya Pradesh,Bhopal,View  registration details for THE SONGARH NEWS (MPHIN/2024/89886)
73538,THE SONGARH NEWS,MPHIN/26/A3472,12-05-2026,HINDI,Monthly,PRAMOD KUMAR RATHORE,PRAMOD KUMAR RATHORE,Madhya Pradesh,Bhopal,View  registration details for THE SONGARH NEWS (MPHIN/26/A3472)
73539,THE SOOTR VISION,MPHIN/26/A4492,01-06-2026,Hindi,Daily,ANAND PANDEY,ANAND PANDEY,Madhya Pradesh,Bhopal,View  registration details for THE SOOTR VISION (MPHIN/26/A4492)
73540,THE SOUND OF MALWA,MPHIN/2020/86154,01-02-2024,Hindi,Weekly,DHARMENDRA SIROLIYA,DHARMENDRA SIROLIYA,Madhya Pradesh,Ujjain,View  registration details for THE SOUND OF MALWA (MPHIN/2020/86154)
73541,THE SOUTH 9,APBIL/2013/48587,14-03-2013,"English, Telugu",Monthly,MANAPATI CHAKRAVARTHI,MANAPATI CHAKRAVARTHI,Andhra Pradesh,Sri Potti Sriramulu Nellore,View  registration details for THE SOUTH 9 (APBIL/2013/48587)
73542,THE SOUTH ASIAN ECONOMIC JOURNAL,DELENG/2010/34649,08-12-2010,English,Half Yearly,VIVEK MEHRA,SAGE PUBLICATIONS INDIA PVT LTD.,Delhi,New Delhi,View  registration details for THE SOUTH ASIAN ECONOMIC JOURNAL (DELENG/2010/34649)
73543,THE SOUTH ASIAN EXPLORER,SIKENG/2019/86900,18-04-2024,English,Monthly,BALIKA CHHETRI,BALIKA CHHETRI,Sikkim,East Sikkim,View  registration details for THE SOUTH ASIAN EXPLORER (SIKENG/2019/86900)
73544,THE SOUTH INDIA TIMES,TELENG/2009/29225,16-10-2009,English,Daily,VUPPALA SUJATHA,VUPPALA SUJATHA,Telangana,Hyderabad,View  registration details for THE SOUTH INDIA TIMES (TELENG/2009/29225)
73545,THE SOUTH INDIA TIMES,TNENG/2008/26176,27-11-2008,English,Daily,VUPPALA SUJATHA,VUPPALA SUJATHA,Tamil Nadu,Chennai,View  registration details for THE SOUTH INDIA TIMES (TNENG/2008/26176)
73546,THE SOUTH INDIA TIMES,TELENG/2011/40212,28-12-2011,English,Fortnightly,VUPPALA SUJATHA,VUPPALA SUJATHA,Telangana,Rangareddy,View  registration details for THE SOUTH INDIA TIMES (TELENG/2011/40212)
73547,THE SOUTH INDIA TIMES,KARENG/2012/43253,22-06-2012,English,Daily,VUPPALA SUJATHA,VUPPALA SUJATHA,Karnataka,Bengaluru,View  registration details for THE SOUTH INDIA TIMES (KARENG/2012/43253)
73548,THE SOUTH REPORTER,KERMAL/2018/90466,24-01-2025,Malayalam,Fortnightly,BYJU P K,BYJU P K,Kerala,Kozhikode,View  registration details for THE SOUTH REPORTER (KERMAL/2018/90466)
73549,The South Today,UAHIN/26/A6704,12-08-2026,Hindi,Weekly,KAMINI TRIPATHI,KAMINI TRIPATHI,Uttarakhand,Dehradun,View  registration details for The South Today (UAHIN/26/A6704)
73550,THE SOUTH VISION,APENG/2009/29938,03-12-2009,English,Daily,SALEEMUDDIN,SALEEMUDDIN,Andhra Pradesh,Hyderabad,View  registration details for THE SOUTH VISION (APENG/2009/29938)
73551,THE SOUTH VISION,APURD/2012/45941,25-10-2012,Urdu,Weekly,SALEEMUDDIN,SALEEMUDDIN,Andhra Pradesh,Hyderabad,View  registration details for THE SOUTH VISION (APURD/2012/45941)
73552,The Sovereign Post,JHENG/26/A4042,21-05-2026,English,Daily,Vinay Kumar Verma,Vinay Kumar Verma,Jharkhand,Ranchi,View  registration details for The Sovereign Post (JHENG/26/A4042)
73553,THE SPARKLING AAINA,UPHIN/2012/54112,21-01-2014,Hindi,Weekly,SUMANT YADAV,SUMANT YADAV,Uttar Pradesh,Etah,View  registration details for THE SPARKLING AAINA (UPHIN/2012/54112)
73554,THE SPARKLING STARS,MPHIN/2023/87082,29-04-2024,Hindi,Weekly,HANNAN KHAN,HANNAN KHAN,Madhya Pradesh,Bhopal,View  registration details for THE SPARKLING STARS (MPHIN/2023/87082)
73555,THE SPEAKING TREE,TELENG/2011/38177,07-07-2011,English,Weekly,P. MANIKANTAN,"BENNETT, COLEMAN & CO.LTD",Telangana,Hyderabad,View  registration details for THE SPEAKING TREE (TELENG/2011/38177)
73556,THE SPEAKING TREE,DELENG/2010/32022,23-04-2010,English,Weekly,RAJEEV YADAV,"BENNETT, COLEMAN & CO.LTD",Delhi,New Delhi,View  registration details for THE SPEAKING TREE (DELENG/2010/32022)
73557,THE SPEAKING TREE,WBENG/2011/38237,12-07-2011,English,Weekly,SHIVAJI SEN,"BENNETT, COLEMAN & CO.LTD",West Bengal,Kolkata,View  registration details for THE SPEAKING TREE (WBENG/2011/38237)
73558,THE SPEAKING TREE,MAHENG/2010/33450,11-07-2013,English,Weekly,R. KRISHNAMURTHY,"BENNETT, COLEMAN & CO.LTD",Maharashtra,Mumbai,View  registration details for THE SPEAKING TREE (MAHENG/2010/33450)
73559,THE SPEAKING TREE,TNENG/2010/42247,16-05-2012,English,Weekly,S. SANTHANAGOPAL,"BENNETT, COLEMAN & CO.LTD",Tamil Nadu,Chennai,View  registration details for THE SPEAKING TREE (TNENG/2010/42247)
73560,THE SPEAKING TREE,KARENG/2010/33368,24-08-2010,English,Weekly,R. J. PRAKASHAN,"BENNETT, COLEMAN & CO.LTD",Karnataka,Bengaluru,View  registration details for THE SPEAKING TREE (KARENG/2010/33368)
73561,THE SPEAKING TREE,GUJENG/2011/39068,05-10-2011,English,Weekly,HITESH BUDHBHATTI,"BENNETT, COLEMAN & CO.LTD",Gujarat,Ahmedabad,View  registration details for THE SPEAKING TREE (GUJENG/2011/39068)
73562,THE SPECIAL WORD,WBENG/25/A4781,05-12-2025,English,Weekly (monday to friday),ZAFRIN CHOWDHURY,ZAFRIN CHOWDHURY,West Bengal,North 24 Parganas,View  registration details for THE SPECIAL WORD (WBENG/25/A4781)
73563,THE SPEED LINES,UPBIL/2010/33052,28-07-2010,"English, HINDI",Daily,DR. RAVI DEV,DR. RAVI DEV,Uttar Pradesh,Lucknow,View  registration details for THE SPEED LINES (UPBIL/2010/33052)
73564,THE SPIRIT FIT TIMES,KARENG/2012/46370,,English,Monthly,RAVI R.,RAVI R.,Karnataka,Bengaluru,View  registration details for THE SPIRIT FIT TIMES (KARENG/2012/46370)
73565,THE SPIRITUAL WORLD,32736,30-06-1977,ENGLISH,Quarterly,SUPTI ROY,THE SPIRITUAL SOCIETY OF INDIA,West Bengal,Kolkata,View  registration details for THE SPIRITUAL WORLD (32736)
73566,THE SPOTLIGHT,MIZMIZ/2001/05432,07-12-2001,English,Weekly,K.ZABIAKA,K.ZABIAKA,Mizoram,Aizawl,View  registration details for THE SPOTLIGHT (MIZMIZ/2001/05432)
73567,THE SPREAD FAST,UPENG/2023/86998,24-04-2024,English,Daily,SHASHI KANT TIWARI,SHASHI KANT TIWARI,Uttar Pradesh,Lucknow,View  registration details for THE SPREAD FAST (UPENG/2023/86998)
73568,THE SPREAD FAST,UPENG/26/A1900,24-03-2026,English,Monthly,Shashikant Tiwari,Shashikant Tiwari,Uttar Pradesh,Lucknow,View  registration details for THE SPREAD FAST (UPENG/26/A1900)
73569,THE SPRING INDIA,MPMUL/2022/87100,01-05-2024,"English, Urdu, Hindi",Weekly,MOHAMMAD IMRAN KHAN,MOHAMMAD IMRAN KHAN,Madhya Pradesh,Bhopal,View  registration details for THE SPRING INDIA (MPMUL/2022/87100)
73570,THE SQUIZZLE WORLD,DELBIL/2019/77374,20-05-2019,"English, HINDI",Monthly,JYOTI GANDHI,SHASHI SHEKHAR PUBLICATIONS PVT LTD,Delhi,New Delhi,View  registration details for THE SQUIZZLE WORLD (DELBIL/2019/77374)
73571,THE SREE TIMES,JKENG/2007/23109,09-06-2010,English,Daily,TARUN BAHL,TARUN BAHL,Jammu and Kashmir,Jammu,View  registration details for THE SREE TIMES (JKENG/2007/23109)
73572,THE SRINAGAR POST,JKENG/2004/15760,20-05-2009,English,Daily,SAQIB LATEEF,SAQIB LATEEF,Jammu and Kashmir,Srinagar,View  registration details for THE SRINAGAR POST (JKENG/2004/15760)
73573,THE SRINAGAR TODAY,JKBIL/2009/32256,11-05-2010,"English, Urdu",Weekly,YOUSUF RESHI,YOUSUF RESHI,Jammu and Kashmir,Pulwama,View  registration details for THE SRINAGAR TODAY (JKBIL/2009/32256)
73574,THE STAGEMAN INTERNATIONAL,DELHIN/2004/14278,06-12-2004,Hindi,Weekly,UZMA AKHTAR SHAH,UZMA AKHTAR SHAH,Delhi,New Delhi,View  registration details for THE STAGEMAN INTERNATIONAL (DELHIN/2004/14278)
73575,THE STAR OF BUNDELKHAND,MPHIN/2022/85089,22-06-2023,Hindi,Weekly,ARUN SONI,ARUN SONI,Madhya Pradesh,Bhopal,View  registration details for THE STAR OF BUNDELKHAND (MPHIN/2022/85089)
73576,THE STAR OF INDIA,MAHENG/2012/52217,24-09-2013,ENGLISH,Weekly,OMKAR MADHUKARRAO NADE,OMKAR MADHUKARRAO NADE,Maharashtra,Wardha,View  registration details for THE STAR OF INDIA (MAHENG/2012/52217)
73577,THE STAR OF YADAGIRI,KARKAN/2022/83627,21-03-2023,Kannada,Daily,SHIVALEELA,SMT.SHIVALEELA,Karnataka,Yadgir,View  registration details for THE STAR OF YADAGIRI (KARKAN/2022/83627)
73578,THE STAT TRADE TIMES,43778,18-12-1985,English,Monthly,RUPAJ KUMAR PATRA,RUPAJ KUMAR PATRA,Maharashtra,Mumbai,View  registration details for THE STAT TRADE TIMES (43778)
73579,THE STATE EMPIRE,MPENG/2014/55625,15-05-2014,English,Daily,WAHID KHAN,WAHID KHAN,Madhya Pradesh,Bhopal,View  registration details for THE STATE EMPIRE (MPENG/2014/55625)
73580,THE STATE POST,JKENG/2011/40408,25-01-2012,English,Weekly,MOHAMMAD SHAFI CALCATTI,MOHAMMAD SHAFI CALCATTI,Jammu and Kashmir,Srinagar,View  registration details for THE STATE POST (JKENG/2011/40408)
73581,THE STATE SENTINEL,JKENG/2022/82990,12-12-2022,English,Daily,ANIRUDH BHARGAV,BHARGAV MEDIA PRODUCTIONS PRIVATE LIMITED,Jammu and Kashmir,Jammu,View  registration details for THE STATE SENTINEL (JKENG/2022/82990)
73582,The State view,RJENG/25/A3436,24-10-2025,English,Weekly,Sunil Sharma,Sunil Sharma,Rajasthan,Jaipur,View  registration details for The State view (RJENG/25/A3436)
73583,THE STATESMAN,2708,04-03-1957,ENGLISH,Daily,VINEET GUPTA,THE STATESMAN LTD,West Bengal,Kolkata,View  registration details for THE STATESMAN (2708)
73584,THE STATESMAN,UPENG/25/A3514,28-10-2025,English,Daily,Vineet Gupta,The Statesman limited,Uttar Pradesh,Lucknow,View  registration details for THE STATESMAN (UPENG/25/A3514)
73585,THE STATESMAN,WBENG/2017/75529,15-06-2018,English,Daily,KAMLESH KUMAR CHOUDHARY,THE STATESMAN LIMITED,West Bengal,Jalpaiguri,View  registration details for THE STATESMAN (WBENG/2017/75529)
73586,THE STATESMAN,MHENG/25/A2886,29-09-2025,English,Daily,Vineet Gupta,The Statesman limited,Maharashtra,Mumbai,View  registration details for THE STATESMAN (MHENG/25/A2886)
73587,THE STATESMAN,507,04-03-1957,English,Daily,Vineet Gupta,THE STATESMAN LTD.,Delhi,New Delhi,View  registration details for THE STATESMAN (507)
73588,THE STATESMAN,ODIENG/2019/78866,24-08-2020,ENGLISH,Daily,VINEET GUPTA,THE STATESMAN LIMITED,Odisha,Khordha,View  registration details for THE STATESMAN (ODIENG/2019/78866)
73589,THE STATESMAN NEIGHBOURHOOD,DELENG/2003/12079,10-03-2004,English,Weekly,SHIVAJI SAMADDAR,THE STATESMAN LTD.,Delhi,New Delhi,View  registration details for THE STATESMAN NEIGHBOURHOOD (DELENG/2003/12079)
73590,THE STATESMAN WEEKLY,2542,04-03-1957,English,Weekly,ANAND SINHA,THE STATESMAN LTD.,West Bengal,Kolkata,View  registration details for THE STATESMAN WEEKLY (2542)
73591,THE STELLAR NEWS,PUNMUL/2015/64739,09-11-2015,"English, Punjabi, Hindi",Fortnightly,SANDEEP SHARMA,SANDEEP SHARMA,Punjab,Hoshiarpur,View  registration details for THE STELLAR NEWS (PUNMUL/2015/64739)
73592,THE STING OPERATION,MAHMAR/2012/45052,06-09-2012,Marathi,Weekly,MAHENDRA RAMKRISHNA DALALKAR,MAHENDRA RAMKRISHNA DALAKAR,Maharashtra,Pune,View  registration details for THE STING OPERATION (MAHMAR/2012/45052)
73593,THE STOCK ADVICE,63041,12-12-1995,Hindi,Weekly,KULDIP MANSUKHANI,STOCK ADVICE COMMUNICATIONS INDIA LT,Uttarakhand,Haridwar,View  registration details for THE STOCK ADVICE (63041)
73594,The Strategic Odyssey,UPENG/25/A4748,04-12-2025,English,Monthly,Sumit kumar,CULTURES BEYOND BORDERS FOUNDATION,Uttar Pradesh,Gautam Buddha Nagar,View  registration details for The Strategic Odyssey (UPENG/25/A4748)
73595,THE STRATEGIST,DELENG/2009/29741,19-01-2010,English,Weekly,NANDAN SINGH RAWAT,BUSINESS STANDARD LTD,Delhi,New Delhi,View  registration details for THE STRATEGIST (DELENG/2009/29741)
73596,THE STREET MORNING,MPHIN/2022/90215,02-12-2024,HINDI,Daily,DEEPAK RAIKWAR,DEEPAK RAIKWAR,Madhya Pradesh,Ujjain,View  registration details for THE STREET MORNING (MPHIN/2022/90215)
73597,THE STRUGGLE,64240,03-10-1996,Hindi,Weekly,BABITA OBEROI,BABITA OBEROI,Uttar Pradesh,Lucknow,View  registration details for THE STRUGGLE (64240)
73598,THE STUDENT INFER,MAHENG/2018/77368,21-05-2019,English,Weekly,SANDIP PUNDLIK WANKHEDE,THE CHANGE FOUNDATION,Maharashtra,Pune,View  registration details for THE STUDENT INFER (MAHENG/2018/77368)
73599,THE STUDENT TRACK,TNENG/2017/74532,02-02-2018,English,Fortnightly,N. VIJAY,N.VIJAY,Tamil Nadu,Namakkal,View  registration details for THE STUDENT TRACK (TNENG/2017/74532)
73600,THE SUCCESS OF LIFE,TNTAM/25/A1647,04-07-2025,Tamil,Monthly,JUDSON SELVA DANI SELVAM,JUDSON SELVA DANI SELVAM,Tamil Nadu,Kanniyakumari,View  registration details for THE SUCCESS OF LIFE (TNTAM/25/A1647)
73601,THE SUN OBSERVER,MPHIN/2014/58398,19-11-2014,Hindi,Weekly,ALEXANDER VAUGHAN,ALEXANDER VAUGHAN,Madhya Pradesh,Bhopal,View  registration details for THE SUN OBSERVER (MPHIN/2014/58398)
73602,THE SUNDAM SINSANG,15951,01-01-1957,"English, Hindi, Manipuri",Annual,B MANISANA SARMA,"SS RESIDENTIAL HIGH SCHOOL, IMPHAL",Manipur,Imphal East,View  registration details for THE SUNDAM SINSANG (15951)
73603,THE SUNDAY EXPRESS,MAHENG/2002/21899,16-04-2010,English,Weekly,Vaidehi Thakar,THE INDIAN EXPRESS PVT. LIMITED,Maharashtra,Mumbai,View  registration details for THE SUNDAY EXPRESS (MAHENG/2002/21899)
73604,THE SUNDAY EXPRESS,RAJENG/2015/65155,09-12-2015,English,Weekly,Ramesh Chander MALHOTRA,THE INDIAN EXPRESS PVT. LIMITED,Rajasthan,Jaipur,View  registration details for THE SUNDAY EXPRESS (RAJENG/2015/65155)
73605,THE SUNDAY EXPRESS,WBENG/2005/20788,07-01-2014,English,Weekly,V SRINIVASAN,THE INDIAN EXPRESS (P) LIMITED,West Bengal,Howrah,View  registration details for THE SUNDAY EXPRESS (WBENG/2005/20788)
73606,THE SUNDAY EXPRESS,UPENG/2010/32568,11-06-2010,English,Weekly,Ramesh Chander MALHOTRA,THE INDIAN EXPRESS PVT. LIMITED,Uttar Pradesh,Lucknow,View  registration details for THE SUNDAY EXPRESS (UPENG/2010/32568)
73607,THE SUNDAY EXPRESS,MAHENG/2002/12251,29-12-2010,English,Weekly,VAIDEHI THAKAR,THE INDIAN EXPRESS PVT. LIMITED,Maharashtra,Pune,View  registration details for THE SUNDAY EXPRESS (MAHENG/2002/12251)
73608,THE SUNDAY EXPRESS,GUJENG/2002/21854,28-01-2014,English,Weekly,HARESHKUMAR KANUBHAI BHAGDEV,THE INDIAN EXPRESS PVT. LIMITED,Gujarat,Ahmedabad,View  registration details for THE SUNDAY EXPRESS (GUJENG/2002/21854)
73609,THE SUNDAY EXPRESS,GUJENG/2002/21852,12-12-2013,English,Weekly,HARESHKUMAR KANUBHAI BHAGDEV,THE INDIAN EXPRESS PVT. LIMITED,Gujarat,Vadodara,View  registration details for THE SUNDAY EXPRESS (GUJENG/2002/21852)
73610,THE SUNDAY EXPRESS,MAHENG/2003/23363,11-03-2013,English,Weekly,BADRUDDUJA K. KHWAJA,THE INDIAN EXPRESS (PVT.) LIMITED,Maharashtra,Nagpur,View  registration details for THE SUNDAY EXPRESS (MAHENG/2003/23363)
73611,THE SUNDAY EXPRESS,CHAENG/2002/06897,01-02-2014,English,Weekly,Ranjit Verma,THE INDIAN EXPRESS PVT.LIMITED,Chandigarh,Chandigarh,View  registration details for THE SUNDAY EXPRESS (CHAENG/2002/06897)
73612,THE SUNDAY EXPRESS,BHENG/25/A0336,22-05-2025,English,Weekly,Ramesh Chander Malhotra,The Indian Express Private Limited,Bihar,Patna,View  registration details for THE SUNDAY EXPRESS (BHENG/25/A0336)
73613,THE SUNDAY EXPRESS,DELENG/2002/10884,08-05-2009,English,Weekly,Ramesh Chander Malhotra,THE INDIAN EXPRESS PVT. LIMITED,Delhi,New Delhi,View  registration details for THE SUNDAY EXPRESS (DELENG/2002/10884)
73614,THE SUNDAY FREE PRESS JOURNAL,46955,15-04-2011,English,Weekly,GIRDHARLAL LAKHOTIA,THE INDIAN NATIONAL PRESS PVT. LTD.,Maharashtra,Mumbai,View  registration details for THE SUNDAY FREE PRESS JOURNAL (46955)
73615,THE SUNDAY GUARDIAN,UPENG/26/A2447,13-04-2026,English,Weekly,Rakesh Sharma,Good Morning India Media Pvt Ltd,Uttar Pradesh,Saharanpur,View  registration details for THE SUNDAY GUARDIAN (UPENG/26/A2447)
73616,THE SUNDAY GUARDIAN,ASENG/26/A2587,15-04-2026,English,Weekly,Rakesh Sharma,Good Morning India Media Pvt Ltd,Assam,Kamrup Metropolitan,View  registration details for THE SUNDAY GUARDIAN (ASENG/26/A2587)
73617,THE SUNDAY GUARDIAN,PBENG/26/A2588,15-04-2026,English,Weekly,Rakesh Sharma,Good Morning India Media Pvt Ltd,Punjab,Sahibzada Ajit Singh Nagar,View  registration details for THE SUNDAY GUARDIAN (PBENG/26/A2588)
73618,THE SUNDAY GUARDIAN,UPENG/25/A1371,23-06-2025,English,Weekly,Rakesh Sharma,Good Morning India Media Pvt Ltd,Uttar Pradesh,Gautam Buddha Nagar,View  registration details for THE SUNDAY GUARDIAN (UPENG/25/A1371)
73619,THE SUNDAY GUARDIAN,MPENG/26/A5485,24-06-2026,English,Weekly,Rakesh Sharma,Good Morning India Media Pvt Ltd,Madhya Pradesh,Bhopal,View  registration details for THE SUNDAY GUARDIAN (MPENG/26/A5485)
73620,THE SUNDAY GUARDIAN,UPENG/25/A1372,23-06-2025,English,Weekly,Rakesh Sharma,Good Morning India Media Pvt Ltd,Uttar Pradesh,Ghaziabad,View  registration details for THE SUNDAY GUARDIAN (UPENG/25/A1372)
73621,THE SUNDAY GUARDIAN,HRENG/25/A1802,11-07-2025,English,Weekly,Rakesh Sharma,Good Morning India Media Pvt Ltd,Haryana,Gurugram,View  registration details for THE SUNDAY GUARDIAN (HRENG/25/A1802)
73622,THE SUNDAY GUARDIAN,HRENG/25/A1598,03-07-2025,English,Weekly,Rakesh Sharma,Good Morning India Media Pvt Ltd,Haryana,Panchkula,View  registration details for THE SUNDAY GUARDIAN (HRENG/25/A1598)
73623,THE SUNDAY GUARDIAN,MHENG/25/A1794,10-07-2025,English,Weekly,Rakesh Sharma,Good Morning India Media Pvt Ltd,Maharashtra,Mumbai,View  registration details for THE SUNDAY GUARDIAN (MHENG/25/A1794)
73624,THE SUNDAY GUARDIAN,RJENG/25/A3925,12-11-2025,English,Weekly,Rakesh Sharma,Good Morning India Media Pvt Ltd,Rajasthan,Ajmer,View  registration details for THE SUNDAY GUARDIAN (RJENG/25/A3925)
73625,THE SUNDAY GUARDIAN,UPENG/26/A5074,15-06-2026,English,Weekly,Rakesh Sharma,Good Morning India Media Pvt Ltd,Uttar Pradesh,Lucknow,View  registration details for THE SUNDAY GUARDIAN (UPENG/26/A5074)
73626,THE SUNDAY GUARDIAN,HPENG/26/A3594,13-05-2026,English,Weekly,Rakesh Sharma,Good Morning India Media Pvt Ltd,Himachal Pradesh,Shimla,View  registration details for THE SUNDAY GUARDIAN (HPENG/26/A3594)
73627,THE SUNDAY GUARDIAN,CHENG/25/A1312,17-06-2025,English,Weekly,Rakesh Sharma,Good Morning India Media Pvt Ltd,Chandigarh,Chandigarh,View  registration details for THE SUNDAY GUARDIAN (CHENG/25/A1312)
73628,THE SUNDAY GUARDIAN,UAENG/25/A2146,08-08-2025,English,Weekly,Rakesh Sharma,Good Morning India Media Pvt Ltd,Uttarakhand,Dehradun,View  registration details for THE SUNDAY GUARDIAN (UAENG/25/A2146)
73629,THE SUNDAY GUARDIAN,UPENG/26/A2273,08-04-2026,English,Weekly,Rakesh Sharma,Good Morning India Media Pvt Ltd,Uttar Pradesh,Meerut,View  registration details for THE SUNDAY GUARDIAN (UPENG/26/A2273)
73630,THE SUNDAY GUARDIAN,RJENG/25/A0966,04-06-2025,English,Weekly,Rakesh Sharma,Good Morning India Media Pvt Ltd,Rajasthan,Jaipur,View  registration details for THE SUNDAY GUARDIAN (RJENG/25/A0966)
73631,THE SUNDAY GUARDIAN,DELENG/2010/31355,30-09-2013,English,Weekly,Rakesh Sharma,MJP MEDIA PRIVATE LIMITED,Delhi,New Delhi,View  registration details for THE SUNDAY GUARDIAN (DELENG/2010/31355)
73632,THE SUNDAY HEART,UPBIL/2018/75455,,"English, HINDI",Weekly,PRAVEEN GOEL,PRAVEEN GOEL,Uttar Pradesh,Ghaziabad,View  registration details for THE SUNDAY HEART (UPBIL/2018/75455)
73633,THE SUNDAY INDIAN,DELMAL/2007/20889,20-08-2007,Malayalam,Weekly,ASHOK BOSE,ARINDAM CHAUDHURI,Delhi,New Delhi,View  registration details for THE SUNDAY INDIAN (DELMAL/2007/20889)
73634,THE SUNDAY INDIAN,DELODI/2007/20885,21-08-2007,Oriya,Weekly,ASHOK BOSE,ARINDAM CHAUDHURI,Delhi,New Delhi,View  registration details for THE SUNDAY INDIAN (DELODI/2007/20885)
73635,THE SUNDAY INDIAN,DELTEL/2007/20888,20-08-2007,Telugu,Weekly,ASHOK BOSE,ARINDAM CHAUDHURI,Delhi,New Delhi,View  registration details for THE SUNDAY INDIAN (DELTEL/2007/20888)
73636,THE SUNDAY INDIAN,DELHIN/2006/18507,13-02-2007,Hindi,Weekly,ASHOK BOSE,ARINDAM CHAUDHURI,Delhi,New Delhi,View  registration details for THE SUNDAY INDIAN (DELHIN/2006/18507)
73637,THE SUNDAY INDIAN,DELTAM/2006/27045,16-02-2009,Tamil,Weekly,ASHOK BOSE,ARINDAM CHAUDHURI,Delhi,New Delhi,View  registration details for THE SUNDAY INDIAN (DELTAM/2006/27045)
73638,THE SUNDAY INDIAN,DELKAN/2007/20887,20-08-2007,Kannada,Weekly,ASHOK BOSE,ARINDAM CHAUDHURI,Delhi,New Delhi,View  registration details for THE SUNDAY INDIAN (DELKAN/2007/20887)
73639,THE SUNDAY INDIAN,DELBHO/2008/27190,05-03-2009,Bhojpuri,Fortnightly,ASHOK BOSE,ARINDAM CHAUDHURI,Delhi,New Delhi,View  registration details for THE SUNDAY INDIAN (DELBHO/2008/27190)
73640,THE SUNDAY INDIAN,DELASS/2007/20852,21-08-2007,Assamese,Weekly,ASHOK BOSE,ARINDAM CHAUDHURI,Delhi,New Delhi,View  registration details for THE SUNDAY INDIAN (DELASS/2007/20852)
73641,THE SUNDAY INDIAN,DELMAR/2007/27007,11-02-2009,Marathi,Weekly,ASHOK BOSE,ARINDAM CHAUDHURI,Delhi,New Delhi,View  registration details for THE SUNDAY INDIAN (DELMAR/2007/27007)
73642,THE SUNDAY INDIAN,DELGUJ/2006/18510,13-02-2007,Gujarati,Weekly,ASHOK BOSE,ARINDAM CHAUDHURI,Delhi,New Delhi,View  registration details for THE SUNDAY INDIAN (DELGUJ/2006/18510)
73643,THE SUNDAY INDIAN,DELURD/2007/20886,21-08-2007,Urdu,Weekly,ASHOK BOSE,ARINDAM CHAUDHURI,Delhi,New Delhi,View  registration details for THE SUNDAY INDIAN (DELURD/2007/20886)
73644,THE SUNDAY INDIAN,DELBEN/2006/18517,31-01-2007,Bengali,Weekly,ASHOK BOSE,ARINDAM CHAUDHURI,Delhi,New Delhi,View  registration details for THE SUNDAY INDIAN (DELBEN/2006/18517)
73645,THE SUNDAY INDIAN,DELENG/2006/18524,31-01-2007,English,Weekly,ASHOK BOSE,ARINDAM CHAUDHURI,Delhi,New Delhi,View  registration details for THE SUNDAY INDIAN (DELENG/2006/18524)
73646,THE SUNDAY MAIL,DLHIN/26/A6663,11-08-2026,Hindi,Weekly,Ajit Maindola,Ajit Maindola,Delhi,South West Delhi,View  registration details for THE SUNDAY MAIL (DLHIN/26/A6663)
73647,THE SUNDAY POST,UTTHIN/2009/29438,10-11-2009,Hindi,Weekly,APOORVA JOSHI,INDEPENDENT MEDIA INITIATIVE SOCIETY,Uttarakhand,Dehradun,View  registration details for THE SUNDAY POST (UTTHIN/2009/29438)
73648,THE SUNDAY REVIEW,MAHENG2001/04247,11-07-2001,English,Weekly,SAM DASTOOR,"BENNETT, COLEMAN & CO.LTD",Maharashtra,Mumbai,View  registration details for THE SUNDAY REVIEW (MAHENG2001/04247)
73649,THE SUNDAY STANDARD,DELENG/2011/37180,02-05-2013,English,Weekly,AVNISH SINGH,EXPRESS PUBLICATIONS (MADURAI) LIMITED,Delhi,New Delhi,View  registration details for THE SUNDAY STANDARD (DELENG/2011/37180)
73650,THE SUNDAY STATESMAN,16674,12-12-2005,English,Weekly,ANAND SINHA,THE STATESMAN LIMITED,West Bengal,Kolkata,View  registration details for THE SUNDAY STATESMAN (16674)
73651,THE SUNDAY STATESMAN,ODIENG/2019/78865,18-08-2020,English,Weekly,SANDEEP KUMAR AGRAWAL,THE STATESMAN LIMITED,Odisha,Khordha,View  registration details for THE SUNDAY STATESMAN (ODIENG/2019/78865)
73652,THE SUNDAY STATESMAN,59445,17-03-2011,English,Weekly,VINEET GUPTA,THE STATESMAN LTD,Delhi,New Delhi,View  registration details for THE SUNDAY STATESMAN (59445)
73653,THE SUNDAY STATESMAN,WBENG/2017/75556,20-06-2018,English,Weekly,KAMLESH KUMAR CHOUDHARY,THE STATESMAN LIMITED,West Bengal,Jalpaiguri,View  registration details for THE SUNDAY STATESMAN (WBENG/2017/75556)
73654,THE SUNDAY TIMES OF INDIA,MAHENG/2013/54873,11-03-2014,English,Weekly,R. Krishnamurthy,"BENNETT, COLEMAN & CO.LTD",Maharashtra,Nashik,View  registration details for THE SUNDAY TIMES OF INDIA (MAHENG/2013/54873)
73655,THE SUNDAY TIMES OF INDIA,50523,24-04-1992,ENGLISH,Weekly,Manjeet Singh Dhami,"BENNETT, COLEMAN & CO.LTD",Karnataka,Bengaluru,View  registration details for THE SUNDAY TIMES OF INDIA (50523)
73656,THE SUNDAY TIMES OF INDIA,MAHENG/2013/49261,22-04-2013,English,Weekly,Maneesh Animesh Goswami,"BENNETT, COLEMAN & CO.LTD",Maharashtra,Kolhapur,View  registration details for THE SUNDAY TIMES OF INDIA (MAHENG/2013/49261)
73657,THE SUNDAY TIMES OF INDIA,MAHENG/2000/00240,07-02-2000,English,Weekly,Maneesh Animesh Goswami,BENNETT COLEMAN & CO.LTD,Maharashtra,Pune,View  registration details for THE SUNDAY TIMES OF INDIA (MAHENG/2000/00240)
73658,THE SUNDAY TIMES OF INDIA,MAHENG/2012/51182,01-08-2013,English,Weekly,RANJIT JAGDALE,"BENNETT, COLEMAN & CO.LTD",Maharashtra,Chhatrapati Sambhaji Nagar,View  registration details for THE SUNDAY TIMES OF INDIA (MAHENG/2012/51182)
73659,THE SUNDAY TIMES OF INDIA,ENG/2012/62779,22-06-2015,English,Daily,ANIL KUMAR,"BENNETT, COLEMAN & CO.LTD",Andhra Pradesh,Visakhapatnam,View  registration details for THE SUNDAY TIMES OF INDIA (ENG/2012/62779)
73660,THE SUNDAY TIMES OF INDIA,JHAENG/2014/56284,23-07-2014,English,Weekly,Arnab Chatterjee,"BENNETT, COLEMAN & CO.LTD",Jharkhand,Ranchi,View  registration details for THE SUNDAY TIMES OF INDIA (JHAENG/2014/56284)
73661,THE SUNDAY TIMES OF INDIA,KARENG/2012/47660,30-01-2013,English,Weekly,Manjeet Singh Dhami,"BENNETT, COLEMAN & CO.LTD",Karnataka,Dharwad,View  registration details for THE SUNDAY TIMES OF INDIA (KARENG/2012/47660)
73662,THE SUNDAY TIMES OF INDIA,50787,29-10-1990,English,Weekly,RAJEEV YADAV,"BENNETT, COLEMAN & CO.LTD",Delhi,New Delhi,View  registration details for THE SUNDAY TIMES OF INDIA (50787)
73663,THE SUNDAY TIMES OF INDIA,TELENG/2000/03082,20-03-2001,English,Weekly,SHARAD MOHAN MEHROTRA,"BENNETT, COLEMAN & CO. LIMITED",Telangana,Hyderabad,View  registration details for THE SUNDAY TIMES OF INDIA (TELENG/2000/03082)
73664,THE SUNDAY TIMES OF INDIA,ASSENG/2014/57458,23-09-2014,English,Weekly,Arnab Chatterjee,"BENNETT, COLEMAN & CO.LTD",Assam,Kamrup Metropolitan,View  registration details for THE SUNDAY TIMES OF INDIA (ASSENG/2014/57458)
73665,THE SUNDAY TIMES OF INDIA,54960,11-12-2009,English,Weekly,Montoo Prakash Jain,"BENNETT, COLEMAN & CO.LTD",Gujarat,Ahmedabad,View  registration details for THE SUNDAY TIMES OF INDIA (54960)
73666,THE SUNDAY TIMES OF INDIA,KARENG/2005/23591,11-04-2008,English,Weekly,Manjeet Singh Dhami,"BENNETT, COLEMAN & CO.LTD",Karnataka,Mysore,View  registration details for THE SUNDAY TIMES OF INDIA (KARENG/2005/23591)
73667,THE SUNDAY TIMES OF INDIA,52438,29-04-1992,English,Weekly,Arnab Chatterjee,BENNETT COLEMAN & COMPANY LIMITED,Bihar,Patna,View  registration details for THE SUNDAY TIMES OF INDIA (52438)
73668,THE SUNDAY TIMES OF INDIA,WBENG/1999/00957,19-05-2011,English,Weekly,Arnab Chatterjee,"BENNETT, COLEMAN & CO.LTD",West Bengal,Kolkata,View  registration details for THE SUNDAY TIMES OF INDIA (WBENG/1999/00957)
73669,THE SUNDAY TIMES OF INDIA,MAHENG/2007/31485,19-03-2010,English,Weekly,Maneesh Animesh Goswami,"BENNETT, COLEMAN & CO.LTD",Maharashtra,Nagpur,View  registration details for THE SUNDAY TIMES OF INDIA (MAHENG/2007/31485)
73670,THE SUNDAY TIMES OF INDIA,ODIENG/2014/55703,25-05-2014,English,Weekly,Arnab Chatterjee,"BENNETT, COLEMAN & CO.LTD",Odisha,Khordha,View  registration details for THE SUNDAY TIMES OF INDIA (ODIENG/2014/55703)
73671,THE SUNDAY VIEWS,UPHIN/2014/58463,26-11-2014,Hindi,Weekly,DIVYA SRIVASTAVA,DIVYA SRIVASTAVA,Uttar Pradesh,Lucknow,View  registration details for THE SUNDAY VIEWS (UPHIN/2014/58463)
73672,THE SUNDAY VIEWS,UPHIN/26/A0465,16-01-2026,Hindi,Monthly,divya srivastava,divya srivastava,Uttar Pradesh,Lucknow,View  registration details for THE SUNDAY VIEWS (UPHIN/26/A0465)
73673,THE SUNFLOWER,UPHIN/2024/90011,04-11-2024,HINDI,Monthly,PANKAJ RANA,PANKAJ RANA,Uttar Pradesh,Ghaziabad,View  registration details for THE SUNFLOWER (UPHIN/2024/90011)
73674,THE SURGICAL IMPACT,MPBIL/2022/85025,22-06-2023,"English, HINDI",Weekly,SHANKAR KAMBLE,KAILASH KANARE,Madhya Pradesh,Indore,View  registration details for THE SURGICAL IMPACT (MPBIL/2022/85025)
73675,THE SURYASTA,ODIODI/2006/17716,13-10-2006,Oriya,Monthly,USHARANI RAY,USHARANI RAY,Odisha,Jajapur,View  registration details for THE SURYASTA (ODIODI/2006/17716)
73676,The Sustainomics,KNENG/25/A0974,04-06-2025,English,Bimonthly (Once in two months),Santosh G,GLOBAL COUNCIL FOR THE PROMOTION OF INTERNATIONAL TRADE,Karnataka,Bengaluru,View  registration details for The Sustainomics (KNENG/25/A0974)
73677,the Suvarna munjane,KNKAN/26/A3168,06-05-2026,Kannada,Daily,K.Anil Kumar,K.Anil Kumar,Karnataka,Koppal,View  registration details for the Suvarna munjane (KNKAN/26/A3168)
73678,The Swantatra,MPHIN/25/A1384,24-06-2025,Hindi,Daily,Abhiraj Singh,Abhiraj Singh,Madhya Pradesh,Bhopal,View  registration details for The Swantatra (MPHIN/25/A1384)
73679,The Swaraj Sankalp,RJHIN/26/A6705,12-08-2026,Hindi,Weekly,Piyush Dubey,Piyush Dubey,Rajasthan,Jaipur,View  registration details for The Swaraj Sankalp (RJHIN/26/A6705)
73680,THE SWAVIMANA,ODIODI/1999/00710,10-04-2000,Oriya,Daily,SAMIR KESHARI BALIAR SINGH,SAMIR KESHARI BALIAR SINGH,Odisha,Khordha,View  registration details for THE SWAVIMANA (ODIODI/1999/00710)
73681,THE SWEET MORNING,MPHIN/2021/85515,12-10-2023,Hindi,Daily,AVINASH KANARE,AVINASH KANARE,Madhya Pradesh,Indore,View  registration details for THE SWEET MORNING (MPHIN/2021/85515)
73682,THE SWORD OF INDIA,UPHIN/2013/54341,30-01-2014,Hindi,Daily,MUINUDDIN ANSARI,MUINUDDIN ANSARI,Uttar Pradesh,Lucknow,View  registration details for THE SWORD OF INDIA (UPHIN/2013/54341)
73683,THE TABOR KIRANA,KARENG/2011/38303,21-07-2011,English,Monthly,REV. FR. A.S. ANTHONY SWAMY,REV. FR. A.S. ANTHONY SWAMY,Karnataka,Bengaluru,View  registration details for THE TABOR KIRANA (KARENG/2011/38303)
73684,THE TADANTA,ODIODI/2007/25183,14-08-2008,Oriya,Fortnightly,RAMESH CHANDRA PANDA,RAMESH CHANDRA PANDA,Odisha,Khordha,View  registration details for THE TADANTA (ODIODI/2007/25183)
73685,THE TAKSAL,MPHIN/25/A5121,12-12-2025,Hindi,Monthly,VIKASH KUMAR SINGH,VIKASH KUMAR SINGH,Madhya Pradesh,Singrauli,View  registration details for THE TAKSAL (MPHIN/25/A5121)
73686,THE TAMENGLONG TIMES,MANBIL/2019/77145,08-04-2019,English,Daily,JIMMY PAMEI,CHAM CHIU SOCIETY,Manipur,Tamenglong,View  registration details for THE TAMENGLONG TIMES (MANBIL/2019/77145)
73687,THE TAMIL NADU DR. AMBEDKAR LAW UNIVERSITY JOURNAL OF THE DEPARTMENT OF LIBRARY SCIENCE,TNENG/2023/85860,28-12-2023,English,Annual,RANJIT OOMMEN ABRAHAM,THE TAMIL NADU DR . AMBEDKAR LAW UNIVERSITY,Tamil Nadu,Chennai,View  registration details for THE TAMIL NADU DR. AMBEDKAR LAW UNIVERSITY JOURNAL OF THE DEPARTMENT OF LIBRARY SCIENCE (TNENG/2023/85860)
73688,THE TANMAYA,ODIODI/2007/19713,07-05-2007,Oriya,Weekly,TRILOK KUMAR LENKA,TRILOK KUMAR LENKA,Odisha,Sundargarh,View  registration details for THE TANMAYA (ODIODI/2007/19713)
73689,THE TANPURA TIMES,UPHIN/2023/87147,02-05-2024,Hindi,Daily,MANISH KUMAR PANDEY,MANISH KUMAR PANDAY,Uttar Pradesh,Lucknow,View  registration details for THE TANPURA TIMES (UPHIN/2023/87147)
73690,THE TARGET VISION,PBHIN/26/A2012,25-03-2026,Hindi,Monthly,Sonia,Sonia,Punjab,Rupnagar,View  registration details for THE TARGET VISION (PBHIN/26/A2012)
73691,THE TECHNICAL STATE,MPHIN/2021/83774,13-04-2023,Hindi,Monthly,RAJESH KUMAR YADAV,RAJESH KUMAR YADAV,Madhya Pradesh,Bhopal,View  registration details for THE TECHNICAL STATE (MPHIN/2021/83774)
73692,THE TECHNO BAZAR,UPBIL/2014/58494,26-11-2014,"English, HINDI",Monthly,NITIN ARYA,NITIN ARYA,Uttar Pradesh,Lucknow,View  registration details for THE TECHNO BAZAR (UPBIL/2014/58494)
73693,THE TECHNOLOGY ERA,TRIENG/2003/13114,06-09-2004,English,Weekly,KAUSHIK BHOWMIK,KAUSHIK BHOWMIK,Tripura,West Tripura,View  registration details for THE TECHNOLOGY ERA (TRIENG/2003/13114)
73694,THE TEENAGER TODAY,MAHENG/2010/36966,13-02-2013,English,Monthly,JOBY MATHEW,THE BOMBAY PAULINE PERIODICALS SOCIETY,Maharashtra,Mumbai,View  registration details for THE TEENAGER TODAY (MAHENG/2010/36966)
73695,THE TEHALKA POWER,TELTEL/2015/65107,04-12-2015,Telugu,Daily,K.B. RAJU,K.B.RAJU,Telangana,Mahbubnagar,View  registration details for THE TEHALKA POWER (TELTEL/2015/65107)
73696,THE TELANGANA GAZETTE,TELMUL/2016/73158,31-08-2017,"English, Telugu, Urdu",Daily,TEJ DEEP KAUR MENON,COMMISSIONER OF PRINTING STATIONERY AND STORES PURCHASE DEPARTMENT GOVT.OF TELANGANA STATE,Telangana,Hyderabad,View  registration details for THE TELANGANA GAZETTE (TELMUL/2016/73158)
73697,THE TELANGANA TRUTH,TELENG/2016/68573,06-09-2016,English,Fortnightly,AKHILESH MISHRA,AKHILESH MISHRA,Telangana,Hyderabad,View  registration details for THE TELANGANA TRUTH (TELENG/2016/68573)
73698,THE TELANGANA WATCH,APENG/2014/55022,20-03-2014,English,Daily,MOHAMMED HAMEED UR RAHMAN,MOHAMMED HAMEED UR RAHMAN,Andhra Pradesh,Hyderabad,View  registration details for THE TELANGANA WATCH (APENG/2014/55022)
73699,THE TELECAST,UPHIN/2015/73921,08-02-2018,Hindi,Monthly,HARISHYAM BAJPAI,HARISHYAM BAJPAI,Uttar Pradesh,Hardoi,View  registration details for THE TELECAST (UPHIN/2015/73921)
73700,THE TELEGRAPH,ODIENG/2011/36782,15-02-2012,English,Daily,PRADIPTA BISWAS,ABP PVT.LTD.,Odisha,Khordha,View  registration details for THE TELEGRAPH (ODIENG/2011/36782)
73701,THE TELEGRAPH,KERMAL/2004/15027,26-07-2005,Malayalam,Daily,WILLIAMS DANIEL,WILLIAMS DANIEL,Kerala,Thrissur,View  registration details for THE TELEGRAPH (KERMAL/2004/15027)
73702,THE TELEGRAPH,41028,05-07-2012,English,Daily,ZAHRA BASRAI,ABP PVT.LTD.,West Bengal,Kolkata,View  registration details for THE TELEGRAPH (41028)
73703,THE TELEGRAPH,BIHENG/2011/39933,12-12-2011,English,Daily,PRADIPTA BISWAS,ABP PVT.LTD.,Bihar,Patna,View  registration details for THE TELEGRAPH (BIHENG/2011/39933)
73704,THE TELEGRAPH IN SCHOOLS,WBENG/2000/02176,28-03-2012,English,Weekly,ZAHRA BASRAI,ABP PVT.LTD.,West Bengal,Kolkata,View  registration details for THE TELEGRAPH IN SCHOOLS (WBENG/2000/02176)
73705,THE TELEGRAPH PLATINUM,WBENG/2013/54318,29-01-2014,English,Monthly,PRADIPTA BISWAS,ABP PVT.LTD.,West Bengal,Kolkata,View  registration details for THE TELEGRAPH PLATINUM (WBENG/2013/54318)
73706,THE TELLER,24134,25-07-1973,English,Quarterly,ADI DOCTOR,"BANK OF INDIA, MUMBAI",Maharashtra,Mumbai,View  registration details for THE TELLER (24134)
73707,THE TENALI TIMES,APTEL/2003/11015,21-10-2003,Telugu,Weekly,LUKKA VENKATESWARA RAO,LUKKA VENKATESWARA RAO,Andhra Pradesh,Guntur,View  registration details for THE TENALI TIMES (APTEL/2003/11015)
73708,THE TERRITORIAL CLASSIFIED,ASSENG/2008/23657,28-04-2008,English,Fortnightly,DHANARIKSHA KALITA,ANTARIKSHA KALITA,Assam,Bongaigaon,View  registration details for THE TERRITORIAL CLASSIFIED (ASSENG/2008/23657)
73709,THE TERRITORY TIMES,DNHHIN/2002/07775,18-09-2002,Hindi,Weekly,DHARMENDRASINH K. THAKOR,RIDDHI SIDDHI PUBLICATIONS,Dadra & Nagar Haveli,Dadra & Nagar Haveli,View  registration details for THE TERRITORY TIMES (DNHHIN/2002/07775)
73710,THE TERRITORY TIMES,DNHENG/2009/27326,25-03-2009,English,Fortnightly,DHARMENDRASINH K.THAKOR,RIDDHI SIDDHI PUBLICATIONS,Dadra & Nagar Haveli,Dadra & Nagar Haveli,View  registration details for THE TERRITORY TIMES (DNHENG/2009/27326)
73711,THE TEXTILE POST,GUJHIN/2023/88807,06-09-2024,HINDI,Monthly,KAPEESH KHATUWALA,KAPEESH KHATUWALA,Gujarat,Surat,View  registration details for THE TEXTILE POST (GUJHIN/2023/88807)
73712,THE THAVAMANI TIMES,TNTAM/25/A0722,30-05-2025,Tamil,Fortnightly,Porkodi s,Porkodi s,Tamil Nadu,Tiruvannamalai,View  registration details for THE THAVAMANI TIMES (TNTAM/25/A0722)
73713,THE THEOSOPHICAL MOVEMENT,MAHENG/2009/31381,26-10-2010,English,Monthly,MS. D. PARAJIA,THESOPHY COMPANY (INDIA) PRIVATE LIMITED,Maharashtra,Mumbai,View  registration details for THE THEOSOPHICAL MOVEMENT (MAHENG/2009/31381)
73714,THE THEOSOPHIST,1165,04-03-1957,English,Monthly,Shikhar Agnihotri,THEOSOPHICAL SOCIETY ADYAR CHENNAI,Tamil Nadu,Chennai,View  registration details for THE THEOSOPHIST (1165)
73715,THE THINKS OF INDIA,RAJHIN/2015/65833,28-01-2016,Hindi,Monthly,SHYAM BIHARI,SHYAM BIHARI,Rajasthan,Kota,View  registration details for THE THINKS OF INDIA (RAJHIN/2015/65833)
73716,THE THIRD ANGLE,TNBIL/25/A0099,08-04-2025,"Tamil, English",Fortnightly,Hema Jwaalini S,Hema Jwaalini S,Tamil Nadu,Chennai,View  registration details for THE THIRD ANGLE (TNBIL/25/A0099)
73717,THE THIRD VOICE REALITY AND VISION,ODIENG/2019/79183,14-12-2020,English,Half Yearly,DR. BIBHUDATTA KHANDAYATRAY,VOICE FOR VOICELESS,Odisha,Cuttack,View  registration details for THE THIRD VOICE REALITY AND VISION (ODIENG/2019/79183)
73718,The Thousand Lights Star,TNBIL/26/A6750,12-08-2026,"English, Tamil",Weekly,Raj Thaneeghaivel,Raj Thaneeghaivel,Tamil Nadu,Chennai,View  registration details for The Thousand Lights Star (TNBIL/26/A6750)
73719,THE THRILL OF DRIVING,MAHENG/2019/77999,23-09-2019,English,Monthly,SIRISH CHANDRAN,PROJECT GTO PUBLISHING LLP,Maharashtra,Pune,View  registration details for THE THRILL OF DRIVING (MAHENG/2019/77999)
73720,The Thrive Report,MHENG/26/A5331,19-06-2026,English,Quarterly,Jini K gopinath,Madhu Vikram Utamsingh,Maharashtra,Mumbai,View  registration details for The Thrive Report (MHENG/26/A5331)
73721,THE THUNDER TIMES,MPBIL/2012/46926,11-12-2012,"English, HINDI",Weekly,YATENDRA KUMAR SINGH,YATENDRA KUMAR SINGH,Madhya Pradesh,Gwalior,View  registration details for THE THUNDER TIMES (MPBIL/2012/46926)
73722,THE TIGER HILL EXPRESS,WBENG/2010/32514,04-06-2010,English,Weekly,SANKAR CHAKRABORTY,SANKAR CHAKRABORTY,West Bengal,Maldah,View  registration details for THE TIGER HILL EXPRESS (WBENG/2010/32514)
73723,THE TILES OF INDIA,MAHENG/2013/59763,22-01-2015,English,Bimonthly (Once in two months),JIGNESH H. TRIVEDI,JIGNESH H. TRIVEDI,Maharashtra,Mumbai,View  registration details for THE TILES OF INDIA (MAHENG/2013/59763)
73724,THE TIMES NEWSDAY,62787,08-11-1995,English,Daily,MOHAMMAD ASLAM QURESHI,MOHAMMAD ASLAM QURESHI,Delhi,New Delhi,View  registration details for THE TIMES NEWSDAY (62787)
73725,THE TIMES OF 1947,TNTAM/2016/68498,05-09-2016,Tamil,Monthly,P. PADMANABHAN,P. PADMANABHAN,Tamil Nadu,Chennai,View  registration details for THE TIMES OF 1947 (TNTAM/2016/68498)
73726,THE TIMES OF ADITHYA,APTEL/2012/42401,24-05-2012,Telugu,Monthly,PULIKANTI NAGENDRANATHA REDDY,PULIKANTI NAGENDRANATHA REDDY,Andhra Pradesh,Anantapur,View  registration details for THE TIMES OF ADITHYA (APTEL/2012/42401)
73727,THE TIMES OF AFRICA,DELENG/2008/27856,06-12-2013,English,Bimonthly (Once in two months),KIRIT SOBTI,KIRIT SOBTI,Delhi,New Delhi,View  registration details for THE TIMES OF AFRICA (DELENG/2008/27856)
73728,THE TIMES OF AGRA,DELENG/2009/29393,05-11-2009,English,Weekly,BALRAJ ARORA,"BENNETT, COLEMAN & CO.LTD",Delhi,New Delhi,View  registration details for THE TIMES OF AGRA (DELENG/2009/29393)
73729,The Times of Aligarh,UPENG/26/A3355,11-05-2026,English,Weekly,RAJEEV YADAV,Bennett Coleman and Company Limited,Uttar Pradesh,Lucknow,View  registration details for The Times of Aligarh (UPENG/26/A3355)
73730,THE TIMES OF ANAND,GUJENG/2009/29980,13-05-2013,English,Twice a week,HITESH BUDHBHATTI,"BENNETT, COLEMAN & CO.LTD",Gujarat,Ahmedabad,View  registration details for THE TIMES OF ANAND (GUJENG/2009/29980)
73731,THE TIMES OF ANDAMAN,ANDENG/2021/90174,14-11-2024,ENGLISH,Daily,REEYA CHAKRABORTY,REEYA CHAKRABORTY,Andaman & Nicobar Islands,South Andaman,View  registration details for THE TIMES OF ANDAMAN (ANDENG/2021/90174)
73732,THE TIMES OF ASSAM,ASSENG/2012/46668,30-11-2012,English,Daily,MD AQUIB,MD AQUIB,Assam,Kamrup Metropolitan,View  registration details for THE TIMES OF ASSAM (ASSENG/2012/46668)
73733,THE TIMES OF COMMON MAN,HRBIL/25/A3709,04-11-2025,"English, Hindi",Weekly,Deepak Kumar,Deepak Kumar,Haryana,Faridabad,View  registration details for THE TIMES OF COMMON MAN (HRBIL/25/A3709)
73734,THE TIMES OF DOON,DELENG/2009/29394,05-11-2009,English,Twice a week,BALRAJ ARORA,"BENNETT, COLEMAN & CO.LTD",Delhi,New Delhi,View  registration details for THE TIMES OF DOON (DELENG/2009/29394)
73735,THE TIMES OF EYE-WITNESS,67975,31-03-1998,"English, HINDI",Weekly,S.P. AHUJA,S.P.AHUJA,Delhi,New Delhi,View  registration details for THE TIMES OF EYE-WITNESS (67975)
73736,THE TIMES OF IND. DIR. & YEAR BOOK (INC WHOS WHO),14188,18-12-1967,English,Annual,PYARELAL SAH,"BENNETT, COLEMAN & PUBLIC LTD.",Maharashtra,Mumbai,View  registration details for THE TIMES OF IND. DIR. & YEAR BOOK (INC WHOS WHO) (14188)
73737,THE TIMES OF INDIA,15047,11-12-2009,English,Daily,Montoo Prakash Jain,"BENNETT, COLEMAN & CO.LTD",Gujarat,Ahmedabad,View  registration details for THE TIMES OF INDIA (15047)
73738,THE TIMES OF INDIA,KARENG/2012/47741,31-01-2013,English,Daily,Manjeet Singh Dhami,"BENNETT, COLEMAN & CO.LTD",Karnataka,Dharwad,View  registration details for THE TIMES OF INDIA (KARENG/2012/47741)
73739,THE TIMES OF INDIA,APENG/2012/48308,01-03-2013,English,Daily,Manoj Yadav,"BENNETT, COLEMAN & CO.LTD",Andhra Pradesh,Visakhapatnam,View  registration details for THE TIMES OF INDIA (APENG/2012/48308)
73740,THE TIMES OF INDIA,MAHENG/2007/19701,07-05-2007,English,Daily,Maneesh Animesh Goswami,"BENNETT, COLEMAN & CO.LTD.",Maharashtra,Nagpur,View  registration details for THE TIMES OF INDIA (MAHENG/2007/19701)
73741,THE TIMES OF INDIA,TNENG/2013/52338,01-10-2013,English,Daily,S.SANTHANAGOPAL,"BENNETT, COLEMAN & CO.LTD",Tamil Nadu,Tiruchirappalli,View  registration details for THE TIMES OF INDIA (TNENG/2013/52338)
73742,THE TIMES OF INDIA,45466,22-10-2012,English,Daily,Manjeet Singh Dhami,"BENNETT, COLEMAN & CO.LTD",Karnataka,Bengaluru,View  registration details for THE TIMES OF INDIA (45466)
73743,THE TIMES OF INDIA,MAHENG/2012/50022,05-06-2013,English,Daily,RANJIT JAGDALE,"BENNETT, COLEMAN & CO.LTD",Maharashtra,Chhatrapati Sambhaji Nagar,View  registration details for THE TIMES OF INDIA (MAHENG/2012/50022)
73744,THE TIMES OF INDIA,KARENG/2004/22815,05-02-2008,ENGLISH,Daily (Monday To Saturday),Manjeet Singh Dhami,"BENNETT, COLEMAN & CO.LTD",Karnataka,Dakshina Kannada,View  registration details for THE TIMES OF INDIA (KARENG/2004/22815)
73745,THE TIMES OF INDIA,CHAENG/2013/52790,24-10-2013,English,Daily,Anjali Kumria,"BENNETT, COLEMAN & CO.LTD",Chandigarh,Chandigarh,View  registration details for THE TIMES OF INDIA (CHAENG/2013/52790)
73746,THE TIMES OF INDIA,TELENG/2000/03128,22-03-2001,English,Daily,Manoj Yadav,"BENNETT, COLEMAN & CO.LTD",Telangana,Rangareddy,View  registration details for THE TIMES OF INDIA (TELENG/2000/03128)
73747,THE TIMES OF INDIA,508,04-03-1957,English,Daily,RAJEEV YADAV,"BENNETT, COLEMAN & CO.LTD",Delhi,New Delhi,View  registration details for THE TIMES OF INDIA (508)
73748,THE TIMES OF INDIA,MPENG/2012/44029,14-07-2012,English,Daily,NIMIT RAJENDRA SHAH,"BENNETT, COLEMAN & CO.LTD",Madhya Pradesh,Bhopal,View  registration details for THE TIMES OF INDIA (MPENG/2012/44029)
73749,THE TIMES OF INDIA,MAHENG/2013/49262,22-04-2013,English,Daily,Maneesh Animesh Goswami,"BENNETT, COLEMAN & CO.LTD",Maharashtra,Kolhapur,View  registration details for THE TIMES OF INDIA (MAHENG/2013/49262)
73750,THE TIMES OF INDIA,KERENG/2012/45830,19-10-2012,ENGLISH,Daily,Paulson D Padayatty,"BENNETT, COLEMAN & CO.LTD",Kerala,Ernakulam,View  registration details for THE TIMES OF INDIA (KERENG/2012/45830)
73751,THE TIMES OF INDIA,GOAENG/2008/25174,14-08-2008,English,Daily,Maneesh Animesh Goswami,"BENNETT, COLEMAN & CO.LTD",Goa,North Goa,View  registration details for THE TIMES OF INDIA (GOAENG/2008/25174)
73752,THE TIMES OF INDIA,MAHENG/2013/51650,26-08-2013,English,Daily,R. Krishnamurthy,"BENNETT, COLEMAN & CO.LTD",Maharashtra,Nashik,View  registration details for THE TIMES OF INDIA (MAHENG/2013/51650)
73753,THE TIMES OF INDIA,WBENG/1999/01062,08-12-2011,English,Daily,Arnab Chatterjee,"BENNETT, COLEMAN & CO.LTD",West Bengal,Kolkata,View  registration details for THE TIMES OF INDIA (WBENG/1999/01062)
73754,THE TIMES OF INDIA,TNENG/2011/40650,06-02-2012,English,Daily,S. SANTHANAGOPAL,"BENNETT, COLEMAN & CO.LTD",Tamil Nadu,Madurai,View  registration details for THE TIMES OF INDIA (TNENG/2011/40650)
73755,THE TIMES OF INDIA,KERENG/2012/46690,30-11-2012,ENGLISH,Daily,Paulson D Padayatty,"BENNETT, COLEMAN & CO.LTD",Kerala,Thiruvananthapuram,View  registration details for THE TIMES OF INDIA (KERENG/2012/46690)
73756,THE TIMES OF INDIA,40361,16-04-2010,ENGLISH,Daily (Monday To Saturday),Dhanush Vir Singh,"BENNETT, COLEMAN & CO. LTD.",Uttar Pradesh,Lucknow,View  registration details for THE TIMES OF INDIA (40361)
73757,THE TIMES OF INDIA,KARENG/2005/23460,01-04-2008,English,Daily,Manjeet Singh Dhami,"BENNETT, COLEMAN & CO.LTD",Karnataka,Mysore,View  registration details for THE TIMES OF INDIA (KARENG/2005/23460)
73758,THE TIMES OF INDIA,44374,18-03-1987,English,Daily,Arnab Chatterjee,"BENNETT, COLEMAN & CO.LTD",Bihar,Patna,View  registration details for THE TIMES OF INDIA (44374)
73759,THE TIMES OF INDIA,MPENG/2012/45337,21-09-2012,English,Daily,NIMIT RAJENDRA SHAH,"BENNETT, COLEMAN & CO.LTD",Madhya Pradesh,Indore,View  registration details for THE TIMES OF INDIA (MPENG/2012/45337)
73760,THE TIMES OF INDIA,APENG/2015/64514,29-10-2015,English,Daily,Manoj Yadav,"BENNETT, COLEMAN & CO.LTD",Andhra Pradesh,Krishna,View  registration details for THE TIMES OF INDIA (APENG/2015/64514)
73761,THE TIMES OF INDIA,JHAENG/2014/55436,25-04-2014,English,Daily,Arnab Chatterjee,"BENNETT, COLEMAN & CO.LTD",Jharkhand,Ranchi,View  registration details for THE TIMES OF INDIA (JHAENG/2014/55436)
73762,THE TIMES OF INDIA,ODIENG/2014/55896,10-06-2014,English,Daily,Arnab Chatterjee,"BENNETT, COLEMAN & CO.LTD",Odisha,Khordha,View  registration details for THE TIMES OF INDIA (ODIENG/2014/55896)
73763,THE TIMES OF INDIA,ASSENG/2014/57457,23-09-2014,English,Daily,Arnab Chatterjee,"BENNETT, COLEMAN & CO.LTD",Assam,Kamrup Metropolitan,View  registration details for THE TIMES OF INDIA (ASSENG/2014/57457)
73764,THE TIMES OF INDIA,RAJENG/2008/25534,30-11-2012,English,Daily,Hitesh Harilal Budhbhatti,"BENNETT, COLEMAN & CO.LTD",Rajasthan,Jaipur,View  registration details for THE TIMES OF INDIA (RAJENG/2008/25534)
73765,THE TIMES OF INDIA,1547,04-03-1957,English,Daily,R. Krishnamurthy,"BENNETT, COLEMAN & CO. LTD",Maharashtra,Mumbai,View  registration details for THE TIMES OF INDIA (1547)
73766,THE TIMES OF INDIA,TNENG/2011/39712,22-11-2011,English,Daily,S. SANTHANAGOPAL,"BENNETT, COLEMAN & CO.LTD",Tamil Nadu,Coimbatore,View  registration details for THE TIMES OF INDIA (TNENG/2011/39712)
73767,THE TIMES OF INDIA,MAHENG/2000/05108,31-12-1999,English,Daily,Maneesh Animesh Goswami,"BENNETT, COLEMAN & CO.LTD",Maharashtra,Pune,View  registration details for THE TIMES OF INDIA (MAHENG/2000/05108)
73768,THE TIMES OF INDIA,TNENG/2008/24638,08-05-2012,English,Daily,S.SANTHANAGOPAL,"BENNETT, COLEMAN & CO.LTD",Tamil Nadu,Chennai,View  registration details for THE TIMES OF INDIA (TNENG/2008/24638)
73769,THE TIMES OF INDIA,CHHENG/2013/48687,21-03-2013,English,Daily,NIMIT RAJENDRA SHAH,"BENNETT, COLEMAN & CO.LTD",Chhattisgarh,Raipur,View  registration details for THE TIMES OF INDIA (CHHENG/2013/48687)
73770,THE TIMES OF INDIA ANNUAL,14189,18-07-2013,English,Annual,PYARELAL SAH,THE TIMES OF INDIA PRESS,Maharashtra,Mumbai,View  registration details for THE TIMES OF INDIA ANNUAL (14189)
73771,THE TIMES OF INDIA HIGHER EDUCATION,DELENG/2011/35978,03-03-2011,English,Annual,RAJEEV YADAV,"BENNETT, COLEMAN & CO.LTD",Delhi,New Delhi,View  registration details for THE TIMES OF INDIA HIGHER EDUCATION (DELENG/2011/35978)
73772,THE TIMES OF KANSARA SAMAJ,GUJGUJ/2009/30908,11-02-2010,Gujarati,Monthly,BHARAT C. SHETH,SAMAST KANSARA SAMAJ (GUJARAT),Gujarat,Ahmedabad,View  registration details for THE TIMES OF KANSARA SAMAJ (GUJGUJ/2009/30908)
73773,THE TIMES OF KOLAR,KARKAN/2018/75060,14-03-2018,Kannada,Daily,GOPINATH V.N.,GOPINATH V N,Karnataka,Kolar,View  registration details for THE TIMES OF KOLAR (KARKAN/2018/75060)
73774,THE TIMES OF LEGEND,UPBIL/2016/67890,19-07-2016,"English, HINDI",Monthly,NEERAJ KUMAR KANOJIA,NEERAJ KUMAR KANOJIA,Uttar Pradesh,Lucknow,View  registration details for THE TIMES OF LEGEND (UPBIL/2016/67890)
73775,THE TIMES OF LEGEND,UPBIL/2016/69817,29-12-2016,"English, HINDI",Daily,NEERAJ KUMAR KANOJIA,NEERAJ KUMAR KANOJIA,Uttar Pradesh,Lucknow,View  registration details for THE TIMES OF LEGEND (UPBIL/2016/69817)
73776,THE TIMES OF MAHISAGAR,GUJGUJ/2023/89763,22-10-2024,GUJARATI,Weekly,THAKOR MAHESHKUMAR KIRITSINH,THAKOR MAHESHKUMAR KIRITSINH,Gujarat,Mahisagar,View  registration details for THE TIMES OF MAHISAGAR (GUJGUJ/2023/89763)
73777,THE TIMES OF MULUND-POWAI,MAHENG/2008/27447,20-03-2014,English,Weekly,R. Krishnamurthy,"BENNETT, COLEMAN & CO.LTD",Maharashtra,Mumbai,View  registration details for THE TIMES OF MULUND-POWAI (MAHENG/2008/27447)
73778,THE TIMES OF NAVI MUMBAI,MAHENG/2008/28091,02-07-2009,English,Daily,R. VENKATA KESAVAN,"BENNETT, COLEMAN & CO.LTD",Maharashtra,Mumbai,View  registration details for THE TIMES OF NAVI MUMBAI (MAHENG/2008/28091)
73779,THE TIMES OF NAWADA CITY,DELHIN/2023/88516,27-08-2024,HINDI,Weekly,MEGHA VIG,MEGHA VIG,Delhi,New Delhi,View  registration details for THE TIMES OF NAWADA CITY (DELHIN/2023/88516)
73780,THE TIMES OF NET,HARBIL/2009/28744,24-08-2009,"English, HINDI",Monthly,VIJENDER SINGH NARWAL,VIJENDER SINGH NARWAL,Haryana,Rohtak,View  registration details for THE TIMES OF NET (HARBIL/2009/28744)
73781,THE TIMES OF SOUTH MUMBAI,MAHENG/2008/28151,01-07-2009,English,Thrice a week,R. VENKATA KESAVAN,"BENNETT, COLEMAN & CO.LTD",Maharashtra,Mumbai,View  registration details for THE TIMES OF SOUTH MUMBAI (MAHENG/2008/28151)
73782,THE TIMES OF UNIVERSE,DELENG/2013/50195,07-06-2013,English,Fortnightly,SATISH KUMAR,SATISH KUMAR,Delhi,New Delhi,View  registration details for THE TIMES OF UNIVERSE (DELENG/2013/50195)
73783,THE TIMES OF UNIVERSE,DELENG/2011/38661,29-08-2011,English,Daily,SATISH KUMAR,SATISH KUMAR,Delhi,New Delhi,View  registration details for THE TIMES OF UNIVERSE (DELENG/2011/38661)
73784,THE TIMES OF UTTAR PRADESH,UPBIL/2019/77887,23-08-2019,"English, HINDI",Weekly,DR. MOHD. MUSTAQUIM,DR MOHD MUSTAQUIM,Uttar Pradesh,Moradabad,View  registration details for THE TIMES OF UTTAR PRADESH (UPBIL/2019/77887)
73785,THE TIMES OF VAPI,GUJENG/2009/29981,02-05-2013,English,Weekly,HITESH BUDHBHATTI,"BENNETT, COLEMAN & CO.LTD",Gujarat,Ahmedabad,View  registration details for THE TIMES OF VAPI (GUJENG/2009/29981)
73786,THE TIMES OF WEST MUMBAI,MAHENG/2008/27463,16-04-2009,English,Weekly,R.VENKATA KESAVAN,"BENNETT, COLEMAN & CO.LTD",Maharashtra,Mumbai,View  registration details for THE TIMES OF WEST MUMBAI (MAHENG/2008/27463)
73787,THE TIMES PARIVAR,63464,04-04-1996,Hindi,Fortnightly,RAMESH CHANDRA,"BENNETT, COLEMAN & CO.LTD",Delhi,New Delhi,View  registration details for THE TIMES PARIVAR (63464)
73788,THE TORCH BEARER,ODIBIL/2017/74408,18-01-2018,"English, Oriya",Fortnightly,AVA KAR,AVA KAR,Odisha,Cuttack,View  registration details for THE TORCH BEARER (ODIBIL/2017/74408)
73789,The Town square,CTHIN/26/A0515,20-01-2026,Hindi,Daily,Pragya Tiwari,Pragya Tiwari,Chhattisgarh,Raipur,View  registration details for The Town square (CTHIN/26/A0515)
73790,THE TOWN TALK,GJGUJ/26/A4480,01-06-2026,Gujarati,Fortnightly,VYAS HINABEN HIMANSHUBHAI,VYAS HINABEN HIMANSHUBHAI,Gujarat,Kheda,View  registration details for THE TOWN TALK (GJGUJ/26/A4480)
73791,THE TRADE FAIRS OF INDIA,DELENG/2006/19489,26-04-2007,English,Weekly,MOHAMMED MUSHTAQ KHAN,MOHAMMED MUSHTAQ KHAN,Delhi,New Delhi,View  registration details for THE TRADE FAIRS OF INDIA (DELENG/2006/19489)
73792,THE TRADE HAWKS,PUNHIN/2015/65464,06-01-2016,Hindi,Monthly,HARSH VARDHAN JAITLEY,HARSH VARDHAN JAITLEY,Punjab,Ludhiana,View  registration details for THE TRADE HAWKS (PUNHIN/2015/65464)
73793,THE TRADER,25580,27-09-1973,English,Quarterly,,,,,View  registration details for THE TRADER (25580)
73794,THE TRAILBLAZER GCC INTERNATIONAL RESEARCH JOURNAL OF SOCIAL SCIENCES,ASSENG/2019/78189,04-10-2022,English,Annual,DR. HOMESWAR KALITA,GAUHATI COMMERCE COLLEGE,Assam,Kamrup,View  registration details for THE TRAILBLAZER GCC INTERNATIONAL RESEARCH JOURNAL OF SOCIAL SCIENCES (ASSENG/2019/78189)
73795,THE TRANSLATOR,UTTHIN/2015/62862,25-06-2015,Hindi,Weekly,LALIT KUMAR OJHA,LALIT KUMAR OJHA,Uttarakhand,Dehradun,View  registration details for THE TRANSLATOR (UTTHIN/2015/62862)
73796,THE TRAVEL MUFFIN,UPENG/2021/84596,29-05-2023,English,Monthly,RAJSI RAJVARDHAN,RAJSI RAJVARDHAN,Uttar Pradesh,Lucknow,View  registration details for THE TRAVEL MUFFIN (UPENG/2021/84596)
73797,THE TRAVELLER PLAN,UTTENG/2017/72383,23-06-2017,English,Monthly,SUDHIR SHARMA,VISION GLOBAL PLUS FOUNDATION TRUST,Uttarakhand,Dehradun,View  registration details for THE TRAVELLER PLAN (UTTENG/2017/72383)
73798,THE TRAVELLER TRAILS,HPENG/2017/77037,18-03-2019,English,Quarterly,ANIL KUMAR,ANIL KUMAR,Himachal Pradesh,Shimla,View  registration details for THE TRAVELLER TRAILS (HPENG/2017/77037)
73799,THE TRAVELOHOLIC,DELBIL/2017/73914,21-11-2017,"English, HINDI",Monthly,AMIT KUMAR,SINDON HOMECAB INDIA PRIVATE LIMITED,Delhi,New Delhi,View  registration details for THE TRAVELOHOLIC (DELBIL/2017/73914)
73800,THE TREASURE CHEST,3723,15-02-1955,English,Monthly,K. A. KORULA,NATIONAL CHRISTIAN COUNCIL OF INDIA,Karnataka,Mysore,View  registration details for THE TREASURE CHEST (3723)
73801,The Trending Times,MHENG/25/A5160,16-12-2025,English,Monthly,Archana Dilip Jain,Archana Dilip Jain,Maharashtra,Mumbai,View  registration details for The Trending Times (MHENG/25/A5160)
73802,THE TRIBAL INDIA,RAJHIN/2010/33558,07-09-2010,Hindi,Weekly,FATEH SINGH,FATEH SINGH,Rajasthan,Jaipur,View  registration details for THE TRIBAL INDIA (RAJHIN/2010/33558)
73803,THE TRIBAL INDIA,RAJHIN/2008/25112,14-08-2008,Hindi,Monthly,FATEH SINGH,FATEH SINGH,Rajasthan,Jaipur,View  registration details for THE TRIBAL INDIA (RAJHIN/2008/25112)
73804,THE TRIBAL POST,MPHIN/2022/84813,08-06-2023,Hindi,Weekly,HIMMAT SINGH BACHHANIYA,HIMMAT SINGH BACHHANIYA,Madhya Pradesh,Dewas,View  registration details for THE TRIBAL POST (MPHIN/2022/84813)
73805,THE TRIBUNE,15,04-03-1957,English,Daily,Jyoti Malhotra,THE TRIBUNE TRUST,Chandigarh,Chandigarh,View  registration details for THE TRIBUNE (15)
73806,THE TRIBUNE,CHAENG/2017/72604,24-07-2017,English,Daily,Jyoti Malhotra,THE TRIBUNE TRUST,Punjab,Jalandhar,View  registration details for THE TRIBUNE (CHAENG/2017/72604)
73807,THE TRIBUNE,JKENG/2016/69643,15-12-2016,English,Daily,ARUN JOSHI,THE TRIBUNE TRUST,Jammu and Kashmir,Jammu,View  registration details for THE TRIBUNE (JKENG/2016/69643)
73808,THE TRIBUNE,JKENG/2013/54292,30-01-2014,English,Daily,ARUN JOSHI,THE TRIBUNE TRUST,Jammu and Kashmir,Srinagar,View  registration details for THE TRIBUNE (JKENG/2013/54292)
73809,THE TRIBUNE,CHAENG/2017/72605,25-07-2017,English,Daily,Jyoti Malhotra,THE TRIBUNE TRUST,Haryana,Gurugram,View  registration details for THE TRIBUNE (CHAENG/2017/72605)
73810,THE TRIBUNE,CHAENG/2017/72603,24-07-2017,English,Daily,Jyoti Malhotra,THE TRIBUNE TRUST,Punjab,Bathinda,View  registration details for THE TRIBUNE (CHAENG/2017/72603)
73811,THE TRINITY POST,UPENG/2015/62997,02-07-2015,English,Daily,MOHD. ARSHAD,MOHAMMAD ARSHAD,Uttar Pradesh,Lucknow,View  registration details for THE TRINITY POST (UPENG/2015/62997)
73812,THE TRIO,CHHHIN/2015/66131,10-02-2016,Hindi,Monthly,ALOK SHARMA,ALOK SHARMA,Chhattisgarh,Rajnandgaon,View  registration details for THE TRIO (CHHHIN/2015/66131)
73813,THE TRIUMPH MAIL,TNBIL/2017/74318,26-09-2018,"English, Tamil",Monthly,P. SURESH,P.SURESH,Tamil Nadu,Chennai,View  registration details for THE TRIUMPH MAIL (TNBIL/2017/74318)
73814,THE TRUE JOURNALISM NIJAM,APTEL/2015/65095,04-12-2015,Telugu,Monthly,B. RAVI KANTH,B. RAVI KANTH,Andhra Pradesh,Visakhapatnam,View  registration details for THE TRUE JOURNALISM NIJAM (APTEL/2015/65095)
73815,THE TRUE JOURNALISM NIJAM,APTEL/26/A4783,08-06-2026,Telugu,Daily,BOKKA RAVIKANTH,BOKKA RAVIKANTH,Andhra Pradesh,Visakhapatnam,View  registration details for THE TRUE JOURNALISM NIJAM (APTEL/26/A4783)
73816,THE TRUE NATION,DELBIL/2014/57902,22-10-2014,"English, HINDI",Monthly,ASHIMA KHAN,ASHIMA KHAN,Delhi,New Delhi,View  registration details for THE TRUE NATION (DELBIL/2014/57902)
73817,THE TRUE STATE,MPHIN/2019/78674,29-05-2020,Hindi,Daily,ASHISH SHRIVASTAVA,ASHISH SHRIVASTAVA,Madhya Pradesh,Rajgarh,View  registration details for THE TRUE STATE (MPHIN/2019/78674)
73818,THE TRUE TODAY,UPHIN/2016/69570,07-12-2016,Hindi,Weekly,FATIMA RAZA,FATIMA RAZA,Uttar Pradesh,Budaun,View  registration details for THE TRUE TODAY (UPHIN/2016/69570)
73819,THE TRUE VOICE,UPENG/2015/61238,13-04-2015,English,Daily,AMAN HAIDER,SANDESH MEDIA SERVICES,Uttar Pradesh,Lucknow,View  registration details for THE TRUE VOICE (UPENG/2015/61238)
73820,THE TRUE WIRE,UPHIN/2023/87641,25-06-2024,HINDI,Weekly,VINI AGARWAL,VINI AGARWAL,Uttar Pradesh,Moradabad,View  registration details for THE TRUE WIRE (UPHIN/2023/87641)
73821,THE TRUTH TRIUMPHS,PUNHIN/2023/91015,03-07-2025,Hindi,Fortnightly,MANOJ KUMAR KAPOOR,MANOJ KUMAR KAPOOR,Punjab,Hoshiarpur,View  registration details for THE TRUTH TRIUMPHS (PUNHIN/2023/91015)
73822,THE TRUTH FUTURE,DELENG/2003/11582,01-01-2004,English,Monthly,RAMESH KUMAR,AXIOM MEDIA,Delhi,New Delhi,View  registration details for THE TRUTH FUTURE (DELENG/2003/11582)
73823,THE TRUTH HERE,JKENG/26/A1293,19-02-2026,English,Weekly,WASEEM AKRAM,WASEEM AKRAM,Jammu and Kashmir,Kishtwar,View  registration details for THE TRUTH HERE (JKENG/26/A1293)
73824,THE TRUTH LINES,MPHIN/2014/58912,13-12-2014,Hindi,Monthly,UMAR QURESHI,UMAR QURESHI,Madhya Pradesh,Gwalior,View  registration details for THE TRUTH LINES (MPHIN/2014/58912)
73825,THE TRUTH LINES,MPHIN/2016/68541,02-09-2016,Hindi,Weekly,UMAR QURESHI,UMAR QURESHI,Madhya Pradesh,Gwalior,View  registration details for THE TRUTH LINES (MPHIN/2016/68541)
73826,THE TRUTH OF PEN,UPENG/2021/84014,27-04-2023,English,Monthly,VIJIT RAJVARDHAN,VIJIT RAJVARDHAN,Uttar Pradesh,Lucknow,View  registration details for THE TRUTH OF PEN (UPENG/2021/84014)
73827,THE TRUTH ONE,DELHIN/2024/90508,12-03-2025,HINDI,Daily,CHITTARANJAN BEHERA,CHITTARANJAN BEHERA,Delhi,New Delhi,View  registration details for THE TRUTH ONE (DELHIN/2024/90508)
73828,THE TRUTH ONE,DELODI/2024/90059,05-11-2024,Oriya,Daily,CHITTARANJAN BEHERA,CHITTARANJAN BEHERA,Delhi,New Delhi,View  registration details for THE TRUTH ONE (DELODI/2024/90059)
73829,THE TRUTH ONE,DELENG/2024/89843,24-10-2024,ENGLISH,Daily,CHITTARANJAN BEHERA,CHITTARANJAN BEHERA,Delhi,New Delhi,View  registration details for THE TRUTH ONE (DELENG/2024/89843)
73830,THE TRUTH ONE,DELENG/2017/76368,15-11-2018,English,Monthly,CHITTARANJAN BEHERA,CHITTARANJAN BEHERA,Delhi,New Delhi,View  registration details for THE TRUTH ONE (DELENG/2017/76368)
73831,THE TRUTH STORYS,DELHIN/2010/31942,19-04-2010,Hindi,Monthly,KESHAV DUTT PANDEY,KESHAV DUTT PANDEY,Delhi,New Delhi,View  registration details for THE TRUTH STORYS (DELHIN/2010/31942)
73832,THE TRUTHFULL MESSENGER,APENG/2015/69513,05-12-2016,English,Daily,K. ANIL KUMAR REDDY,K. ANIL KUMAR REDDY,Andhra Pradesh,Guntur,View  registration details for THE TRUTHFULL MESSENGER (APENG/2015/69513)
73833,THE TRUTHFULL MESSENGER,APENG/2016/68119,05-08-2016,English,Daily,K. ANIL KUMAR REDDY,K. ANIL KUMAR REDDY,Andhra Pradesh,Prakasam,View  registration details for THE TRUTHFULL MESSENGER (APENG/2016/68119)
73834,THE TRUTHFULL MESSENGER,APENG/2014/56037,25-06-2014,English,Daily,K. ANIL KUMAR REDDY,K. ANIL KUMAR REDDY,Andhra Pradesh,Visakhapatnam,View  registration details for THE TRUTHFULL MESSENGER (APENG/2014/56037)
73835,THE TRUTHFULL MESSENGER,APENG/2014/59056,18-12-2014,English,Monthly,K. ANIL KUMAR REDDY,K. ANIL KUMAR REDDY,Andhra Pradesh,Visakhapatnam,View  registration details for THE TRUTHFULL MESSENGER (APENG/2014/59056)
73836,THE TRUTHFULL MESSENGER,APENG/2013/51410,13-08-2013,English,Daily,K. ANIL KUMAR REDDY,K. ANIL KUMAR REDDY,Andhra Pradesh,Anantapur,View  registration details for THE TRUTHFULL MESSENGER (APENG/2013/51410)
73837,THE TURA TIMES,MEGENG/2016/71504,08-05-2017,English,Daily,MITISON D. SANGMA,MITISON D SANGMA,Meghalaya,West Garo Hills,View  registration details for THE TURA TIMES (MEGENG/2016/71504)
73838,THE TURNING POINT,UPHIN/26/A5578,29-06-2026,Hindi,Monthly,Aditya Kumar Singh,Aditya Kumar Singh,Uttar Pradesh,Lucknow,View  registration details for THE TURNING POINT (UPHIN/26/A5578)
73839,THE TYPEWRITER,JKENG/2020/85681,19-12-2023,English,Daily,DAULAT RAM,DAULAT RAM,Jammu and Kashmir,Jammu,View  registration details for THE TYPEWRITER (JKENG/2020/85681)
73840,THE TYPHOON,ODIENG/2008/24234,30-05-2008,English,Daily,JAGANNATH PRASAD SAHU,Jagannath Prasad Sahu,Odisha,Khordha,View  registration details for THE TYPHOON (ODIENG/2008/24234)
73841,THE UDAAN SPOTLIGHT,DLENG/26/A4481,01-06-2026,English,Monthly,Mohit Gandhi,HESPER CREATIONS PRIVATE LIMITED,Delhi,East Delhi,View  registration details for THE UDAAN SPOTLIGHT (DLENG/26/A4481)
73842,THE UJAS DIVYA,GUJGUJ/2010/35412,24-01-2011,Gujarati,Monthly,ZAITUN LAKDAWALA (DESAI),ZAITUN LAKDAWALA (DESAI),Gujarat,Surat,View  registration details for THE UJAS DIVYA (GUJGUJ/2010/35412)
73843,THE ULGULAN,66439,08-12-1997,Oriya,Weekly,SUDESNA PANDA,SUDESNA PANDA,Odisha,Sambalpur,View  registration details for THE ULGULAN (66439)
73844,THE ULTIMATE,66227,17-11-2011,Gujarati,Daily,Vyas Prahladbhai Ishwarlal,Vyas Prahladbhai Ishwarlal,Gujarat,Banaskantha,View  registration details for THE ULTIMATE (66227)
73845,THE ULTIMATE BHARAT,DELHIN/2022/90227,28-11-2024,HINDI,Quarterly,MEHAR SINGH,MEHAR SINGH,Delhi,New Delhi,View  registration details for THE ULTIMATE BHARAT (DELHIN/2022/90227)
73846,THE UMA,15857,01-01-1969,Telugu,Monthly,S.B.P. RAO,S.B.PRABHAKAR RAO & S.JANAKI RAMAIAH,Andhra Pradesh,Kurnool,View  registration details for THE UMA (15857)
73847,THE UNCOVER,GUJGUJ/2024/90027,04-11-2024,GUJARATI,Daily,PARULBEN DHARMENDRABHAI NAGAR,ETHRIC MASSCOM PRIVATE LIMITED,Gujarat,Ahmedabad,View  registration details for THE UNCOVER (GUJGUJ/2024/90027)
73848,THE UNCOVER,GUJENG/2023/87004,24-04-2024,English,Daily,PARULBEN DHARMENDRABHAI NAGAR,ETHRIC MASSCOM PRIVATE LIMITED,Gujarat,Ahmedabad,View  registration details for THE UNCOVER (GUJENG/2023/87004)
73849,THE UNCOVERED UPDATE,RJHIN/25/A4779,05-12-2025,Hindi,Weekly,BUDHMATI GOSWAMI,BUDHMATI GOSWAMI,Rajasthan,Jaipur,View  registration details for THE UNCOVERED UPDATE (RJHIN/25/A4779)
73850,THE UNDERLINE,72168,19-11-1999,Hindi,Monthly,DR. PREM SWAROOP TRIPATHI,DR. PREM SWAROOP TRIPATHI,Uttar Pradesh,Kanpur Nagar,View  registration details for THE UNDERLINE (72168)
73851,THE UNION TIMES,KARENG/2017/71232,24-04-2017,English,Monthly,HARISH M,HARISH M,Karnataka,Bengaluru Rural,View  registration details for THE UNION TIMES (KARENG/2017/71232)
73852,The Unique Bhilwara,RJHIN/26/A4854,09-06-2026,Hindi,Fortnightly,asha sen,Asha Sen,Rajasthan,Bhilwara,View  registration details for The Unique Bhilwara (RJHIN/26/A4854)
73853,THE UNITED FRONTLINE,GUJGUJ/2022/83194,24-01-2023,Gujarati,Daily,ARJUN POPATBHAI VIRANI,ARJUN POPATBHAI VIRANI,Gujarat,Surat,View  registration details for THE UNITED FRONTLINE (GUJGUJ/2022/83194)
73854,THE UNITED POST,DELENG/2015/63419,24-07-2015,English,Weekly,ADNAN SHAMOON,ADNAN SHAMOON,Delhi,New Delhi,View  registration details for THE UNITED POST (DELENG/2015/63419)
73855,THE UNITED VARTA,UPHIN/2022/82792,17-11-2022,Hindi,Monthly,SHAHNAWAZ HUSAIN KHAN,SHAHNAWAZ HUSAIN KHAN,Uttar Pradesh,Sitapur,View  registration details for THE UNITED VARTA (UPHIN/2022/82792)
73856,THE UNITY EXPRESS,GJENG/25/A0980,04-06-2025,English,Weekly,Manoj Gunavantlal Khatri,Manoj Gunavantlal Khatri,Gujarat,Ahmedabad,View  registration details for THE UNITY EXPRESS (GJENG/25/A0980)
73857,THE UNITY TIMES,UPHIN/2016/77873,20-08-2019,Hindi,Daily,YAMUNA PRASAD PANDEY,YAMUNA PRASAD PANDEY,Uttar Pradesh,Lucknow,View  registration details for THE UNITY TIMES (UPHIN/2016/77873)
73858,THE UNIVERSAL FOCUS,PBPUN/26/A2559,15-04-2026,Punjabi,Monthly,Sandeep Singh,Sandeep Singh,Punjab,Jalandhar,View  registration details for THE UNIVERSAL FOCUS (PBPUN/26/A2559)
73859,THE UNIVERSITY POST,HPENG/2012/45686,12-10-2012,English,Daily,AISHWARYA SHARMA,AISHWARYA SHARMA,Himachal Pradesh,Shimla,View  registration details for THE UNIVERSITY POST (HPENG/2012/45686)
73860,THE UNIVERSITY POST,DELENG/2012/43746,05-07-2012,English,Weekly,AISHWARYA SHARMA,AISHWARYA SHARMA,Delhi,New Delhi,View  registration details for THE UNIVERSITY POST (DELENG/2012/43746)
73861,THE UNREORTED JUDGEMENT,17966,14-02-1969,English,Fortnightly,SHRI K. KUMAR VANGANI,SHRI K. KUMAR VANGANI,Rajasthan,Jodhpur,View  registration details for THE UNREORTED JUDGEMENT (17966)
73862,The Unstoppable Journey,UPENG/25/A2261,22-08-2025,English,Quarterly,Pranav Bhardwaj,Pranav Bhardwaj,Uttar Pradesh,Gautam Buddha Nagar,View  registration details for The Unstoppable Journey (UPENG/25/A2261)
73863,THE UNTOLD NEWS,JKBIL/2021/90154,13-11-2024,BILINGUAL,Weekly,SEEMANT SHARMA,SEEMANT SHARMA,Jammu and Kashmir,Kathua,View  registration details for THE UNTOLD NEWS (JKBIL/2021/90154)
73864,THE URBAN VOICE,UPHIN/2023/87146,01-05-2024,Hindi,Monthly,LAVANYA PANDE,LAVANYA PANDE,Uttar Pradesh,Lucknow,View  registration details for THE URBAN VOICE (UPHIN/2023/87146)
73865,THE UTKAL PRATIVA,ODIODI/2014/63925,27-08-2015,Oriya,Quarterly,BISWAMITRA MISHRA,SATAYABRAT MINAKETAN,Odisha,Khordha,View  registration details for THE UTKAL PRATIVA (ODIODI/2014/63925)
73866,THE UTKAL SAMACHAR,ODIODI/2004/17448,21-06-2010,Oriya,Daily,PRAKASH KUMAR DHAL,PRAKASH KUMAR DHAL,Odisha,Sundargarh,View  registration details for THE UTKAL SAMACHAR (ODIODI/2004/17448)
73867,THE UTKARSH TIMES,UPHIN/2008/25903,16-10-2008,Hindi,Weekly,POONAM PAUL,POONAM PAUL,Uttar Pradesh,Lucknow,View  registration details for THE UTKARSH TIMES (UPHIN/2008/25903)
73868,THE UTSAV ORBIT,UAHIN/25/A0806,02-06-2025,Hindi,Weekly,REKHA,REKHA,Uttarakhand,Haridwar,View  registration details for THE UTSAV ORBIT (UAHIN/25/A0806)
73869,THE UTTARAKHAND LIGHT,UTTHIN/2011/42532,25-05-2012,Hindi,Monthly,REENA DEVI,REENA DEVI,Uttarakhand,Dehradun,View  registration details for THE UTTARAKHAND LIGHT (UTTHIN/2011/42532)
73870,THE UTTARAKHAND TRIBUNE,UTTENG/2011/68624,07-09-2016,ENGLISH,Weekly,SHIVAM BISHT,SHIVAM BISHT,Uttarakhand,Dehradun,View  registration details for THE UTTARAKHAND TRIBUNE (UTTENG/2011/68624)
73871,THE VAIDIK TIMES,DELHIN/2012/47379,09-01-2013,Hindi,Monthly,SUSHMA KUMARI,SUSHMA KUMARI,Delhi,New Delhi,View  registration details for THE VAIDIK TIMES (DELHIN/2012/47379)
73872,THE VAJRAGHAT TIMES,GJGUJ/26/A0424,16-01-2026,Gujarati,Weekly,DHAVALKUMAR GHANSHYAMBHAI UPADHYAY,DHAVALKUMAR GHANSHYAMBHAI UPADHYAY,Gujarat,Anand,View  registration details for THE VAJRAGHAT TIMES (GJGUJ/26/A0424)
73873,THE VALLEY DESPATCH,JKBIL/26/A5613,30-06-2026,"Urdu, English",Weekly,REHANA YASMEEN,REHANA YASMEEN,Jammu and Kashmir,Kupwara,View  registration details for THE VALLEY DESPATCH (JKBIL/26/A5613)
73874,THE VALLEY REPORTER,JKENG/2018/78275,19-12-2019,English,Monthly,GULZAR AHMAD GANIE,GULZAR AHMAD GANIE,Jammu and Kashmir,Anantnag,View  registration details for THE VALLEY REPORTER (JKENG/2018/78275)
73875,THE VALLEY VIEW,JKMUL/25/A2282,25-08-2025,"English, Hindi, Urdu",Daily,BILAL AHMAD BHAT,BILAL AHMAD BHAT,Jammu and Kashmir,Anantnag,View  registration details for THE VALLEY VIEW (JKMUL/25/A2282)
73876,The Valley Vision,JKBIL/25/A0410,23-05-2025,"English, Urdu",Weekly,Junaid Ahmad Bhat,Junaid Ahmad Bhat,Jammu and Kashmir,Srinagar,View  registration details for The Valley Vision (JKBIL/25/A0410)
73877,THE VALUATION PERSPECTIVE,DLENG/25/A3654,30-10-2025,English,Quarterly,Sarika Singhal,ICAI Registered Valuers Organisation,Delhi,New Delhi,View  registration details for THE VALUATION PERSPECTIVE (DLENG/25/A3654)
73878,THE VARMUL POST,JKENG/2014/62288,29-05-2015,English,Weekly,MUNEEB UL HAQ,MUNEEB UL HAQ,Jammu and Kashmir,Baramula,View  registration details for THE VARMUL POST (JKENG/2014/62288)
73879,The vartman Vani of mewad,RJHIN/25/A4921,09-12-2025,Hindi,Daily,PRAHLAD TELI,PRAHLAD TELI,Rajasthan,Bhilwara,View  registration details for The vartman Vani of mewad (RJHIN/25/A4921)
73880,THE VASUDEV VICHAR,UPHIN/26/A3857,18-05-2026,Hindi,Monthly,SARASWATI YADAV,SARASWATI YADAV,Uttar Pradesh,Lucknow,View  registration details for THE VASUDEV VICHAR (UPHIN/26/A3857)
73881,THE VEDANTA KESARI,1084,04-03-1957,English,Monthly,RAGHUNAYAKANANDA SWAMI,SRI RAMAKRISHNA MATH TRUST,Tamil Nadu,Chennai,View  registration details for THE VEDANTA KESARI (1084)
73882,THE VENUS HINDU PATH,MPHIN/25/A4983,10-12-2025,Hindi,Monthly,C P MEENA,C P MEENA,Madhya Pradesh,Bhopal,View  registration details for THE VENUS HINDU PATH (MPHIN/25/A4983)
73883,THE VENUS TIMES,GUJGUJ/2017/73505,16-10-2017,Gujarati,Daily,AKSHESHKUMAR SHAMBHUBHAI SAVALIYA,AKSHESHKUMAR SHAMBHUBHAI SAVALIYA,Gujarat,Ahmedabad,View  registration details for THE VENUS TIMES (GUJGUJ/2017/73505)
73884,THE VERDICT,MAHENG/2007/22235,13-12-2007,English,Weekly,MS. KRISSHNA ARJUN,KRISHNA ARJUN,Maharashtra,Mumbai,View  registration details for THE VERDICT (MAHENG/2007/22235)
73885,THE VERDICT TODAY,DELENG/2014/66240,26-02-2016,English,Fortnightly,PARMOD SINGHAL,PARMOD SINGHAL,Delhi,New Delhi,View  registration details for THE VERDICT TODAY (DELENG/2014/66240)
73886,The Vicky Times,TNBIL/25/A1943,25-07-2025,"English, Tamil",Monthly,L R Ganesh,L R Ganesh,Tamil Nadu,Madurai,View  registration details for The Vicky Times (TNBIL/25/A1943)
73887,THE VICTORIA TIMES,MAHENG/2022/82300,11-10-2022,English,Daily,ANAND KASHINATH INGLE,ANAND KASHINATH INGLE,Maharashtra,Amravati,View  registration details for THE VICTORIA TIMES (MAHENG/2022/82300)
73888,THE VIDARBHDVAR NEWS,MHMAR/25/A3549,29-10-2025,Marathi,Daily,GANESHSINGH MADANSINGH BAYAS,GANESHSINGH MADANSINGH BAYAS,Maharashtra,Buldhana,View  registration details for THE VIDARBHDVAR NEWS (MHMAR/25/A3549)
73889,THE VIL VOICE,TNBIL/2015/65479,12-01-2016,"English, Tamil",Fortnightly,S. PANNEERSELVAM,S.PANNEERSELVAM,Tamil Nadu,Chennai,View  registration details for THE VIL VOICE (TNBIL/2015/65479)
73890,THE VILLAGE KEEPER TODAY,UPHIN/26/A5836,17-07-2026,Hindi,Monthly,Suresh Kashyap,Suresh Kashyap,Uttar Pradesh,Lucknow,View  registration details for THE VILLAGE KEEPER TODAY (UPHIN/26/A5836)
73891,The Village Pulse,APTEL/25/A0638,29-05-2025,Telugu,Daily,Bayireddy Prakash,Bayireddy Prakash,Andhra Pradesh,Krishna,View  registration details for The Village Pulse (APTEL/25/A0638)
73892,THE VILLAGE VOICE,UPHIN/2021/82009,05-09-2022,Hindi,Monthly,ROHIT SINGH,ROHIT SINGH,Uttar Pradesh,Lucknow,View  registration details for THE VILLAGE VOICE (UPHIN/2021/82009)
73893,THE VIR BHARAT NEWS TIMES,UTTHIN/2014/60467,27-02-2015,Hindi,Weekly,SANDHYA KOTHARI,SANDHYA KOTHARI,Uttarakhand,Nainital,View  registration details for THE VIR BHARAT NEWS TIMES (UTTHIN/2014/60467)
73894,THE VIRAJ TIMES,MPHIN/2013/50207,10-06-2013,Hindi,Daily,RAHUL SHIVHARE,RAHUL SHIVHARE,Madhya Pradesh,Gwalior,View  registration details for THE VIRAJ TIMES (MPHIN/2013/50207)
73895,THE VIRAJ TIMES,MPHIN/2013/52453,08-10-2013,Hindi,Monthly,RAHUL SHIVHARE,RAHUL SHIVHARE,Madhya Pradesh,Gwalior,View  registration details for THE VIRAJ TIMES (MPHIN/2013/52453)
73896,THE VIRAL,MPBIL/2021/86583,29-02-2024,"English, HINDI",Monthly,KAPIL VERMA,KAPIL VERMA,Madhya Pradesh,Mandla,View  registration details for THE VIRAL (MPBIL/2021/86583)
73897,The Virat Kesari,MPHIN/25/A2480,11-09-2025,Hindi,Daily,Ankit Keewe,Ankit Keewe,Madhya Pradesh,Indore,View  registration details for The Virat Kesari (MPHIN/25/A2480)
73898,THE VISA NEWS,PUNMUL/2015/67316,06-06-2016,"English, Punjabi, Hindi",Monthly,MUNISH SEKHRI,MUNISH SEKHRI,Punjab,Gurdaspur,View  registration details for THE VISA NEWS (PUNMUL/2015/67316)
73899,THE VISHWAS TIMES,GUJGUJ/2011/39533,14-11-2011,Gujarati,Weekly,PARASBHAI SURESHCHANDRA PANDYA,PARASBHAI SURESHCHANDRA PANDYA,Gujarat,Ahmedabad,View  registration details for THE VISHWAS TIMES (GUJGUJ/2011/39533)
73900,THE VISION,3047,01-01-1957,English,Monthly,G BALASUBRAMANIAM,SWAMI RAMDAS,Kerala,Kasaragod,View  registration details for THE VISION (3047)
73901,The Vision Voice,UAHIN/25/A4128,20-11-2025,Hindi,Fortnightly,POONAM CHAMOLI,POONAM CHAMOLI,Uttarakhand,Dehradun,View  registration details for The Vision Voice (UAHIN/25/A4128)
73902,The Visionary News,TGENG/26/A0767,27-01-2026,English,Daily,ADDAGOTTAM SANGEETHA,ADDAGOTTAM SANGEETHA,Telangana,Hyderabad,View  registration details for The Visionary News (TGENG/26/A0767)
73903,THE VISITS,TEL/2015/66692,14-04-2016,Telugu,Monthly,T. VIJAY KUMAR,T. VIJAY KUMAR,Andhra Pradesh,Visakhapatnam,View  registration details for THE VISITS (TEL/2015/66692)
73904,THE VISITS,APTEL/2011/42085,14-05-2012,Telugu,Daily,T. VIJAY KUMAR,T. VIJAY KUMAR,Andhra Pradesh,Visakhapatnam,View  registration details for THE VISITS (APTEL/2011/42085)
73905,THE VISTA OBSERVER,PUNENG/2019/78432,21-01-2020,English,Monthly,JAANAM ALAG,JAANAM ALAG,Punjab,Ludhiana,View  registration details for THE VISTA OBSERVER (PUNENG/2019/78432)
73906,THE VOICE NEWS BHARAT,GJMUL/25/A4035,19-11-2025,"Hindi, Gujarati, English, MULTILINGUAL",Weekly,sandeepkumar amrutlal patel,sandeepkumar amrutlal patel,Gujarat,Valsad,View  registration details for THE VOICE NEWS BHARAT (GJMUL/25/A4035)
73907,THE VOICE OF ANDAMAN,ANDENG/2007/21078,06-09-2007,English,Weekly,TAPAN KUMAR DAS,TAPAN KUMAR DAS,Andaman & Nicobar Islands,South Andaman,View  registration details for THE VOICE OF ANDAMAN (ANDENG/2007/21078)
73908,THE VOICE OF CHANDIGARH,CHABIL/2013/51319,06-08-2013,"English, HINDI",Weekly,SANJAY PAHWA,SANJAY PAHWA,Chandigarh,Chandigarh,View  registration details for THE VOICE OF CHANDIGARH (CHABIL/2013/51319)
73909,THE VOICE OF COMMON MAN,MAHBIL/2020/78593,20-03-2020,"English, HINDI",Fortnightly,SULTANA GANI SHAIKH,SULTANA GANI SHAIKH,Maharashtra,Mumbai,View  registration details for THE VOICE OF COMMON MAN (MAHBIL/2020/78593)
73910,THE VOICE OF COMMUNITY,DELMUL/2016/72424,29-06-2017,"English, Urdu, Hindi",Weekly,UMESH CHANDRA GAUR,UMESH CHANDRA GAUR,Delhi,New Delhi,View  registration details for THE VOICE OF COMMUNITY (DELMUL/2016/72424)
73911,THE VOICE OF EDEN,JKBIL/2022/85738,10-11-2023,"English, Urdu",Weekly,SAJAD AHMAD SOFI,SAJAD AHMAD SOFI,Jammu and Kashmir,Srinagar,View  registration details for THE VOICE OF EDEN (JKBIL/2022/85738)
73912,THE VOICE OF HUMANRIGHTS,GUJGUJ/2014/58057,03-11-2014,Gujarati,Weekly,MAHESH N. PATEL,MAHESH N. PATEL,Gujarat,Gandhinagar,View  registration details for THE VOICE OF HUMANRIGHTS (GUJGUJ/2014/58057)
73913,THE VOICE OF HUMANRIGHTS,GUJGUJ/2011/40946,01-03-2012,Gujarati,Fortnightly,MAHESHKUMAR NARAYANBHAI PATEL,MAHESHKUMAR NARAYANBHAI PATEL,Gujarat,Gandhinagar,View  registration details for THE VOICE OF HUMANRIGHTS (GUJGUJ/2011/40946)
73914,THE VOICE OF HUMANRIGHTS,GUJGUJ/2013/49414,01-05-2013,Gujarati,Monthly,Maheshkumar Narayanbhai Patel,Maheshkumar Narayanbhai Patel,Gujarat,Gandhinagar,View  registration details for THE VOICE OF HUMANRIGHTS (GUJGUJ/2013/49414)
73915,THE VOICE OF HYDERABAD,45075,25-01-1991,Urdu,Daily,SYED AMEER ISMAIL NARIUDDIU,SYED AMEER ISMAIL NARIUDDIU,Andhra Pradesh,Hyderabad,View  registration details for THE VOICE OF HYDERABAD (45075)
73916,THE VOICE OF INDIA,MAHMAR/2017/74265,28-05-2018,Marathi,Weekly,AMALE DNYANESHWAR VITTHAL,AMALE DNYANESHWAR VITTHAL,Maharashtra,Jalgaon,View  registration details for THE VOICE OF INDIA (MAHMAR/2017/74265)
73917,THE VOICE OF JUSTICE,RAJHIN/2017/74879,22-02-2018,Hindi,Fortnightly,TIKAM CHAND SHAKYA,TIKAM CHAND SHAKYA,Rajasthan,Baran,View  registration details for THE VOICE OF JUSTICE (RAJHIN/2017/74879)
73918,THE VOICE OF MALABAR HILLS,MAHENG/2014/62044,20-05-2015,English,Monthly,TUSHAR PRABHOO,TUSHAR PRABHOO,Maharashtra,Mumbai,View  registration details for THE VOICE OF MALABAR HILLS (MAHENG/2014/62044)
73919,THE VOICE OF MERCURY,UPHIN/2021/83146,19-01-2023,Hindi,Weekly,SYED SAMAR ABBAS,SYED SAMAR ABBAS,Uttar Pradesh,Shahjahanpur,View  registration details for THE VOICE OF MERCURY (UPHIN/2021/83146)
73920,THE VOICE OF RAJKOT,GUJGUJ/2015/62376,04-06-2015,Gujarati,Weekly,KRUNAL DEEPAKBHAI MANIYAR,OM ENTERPRISE,Gujarat,Rajkot,View  registration details for THE VOICE OF RAJKOT (GUJGUJ/2015/62376)
73921,THE VOICE OF REPUBLIC,WBBEN/2018/76519,07-12-2018,Bengali,Fortnightly,DURGADAS BANERJEE,DURGADAS BANERJEE,West Bengal,South 24 Parganas,View  registration details for THE VOICE OF REPUBLIC (WBBEN/2018/76519)
73922,THE VOICE OF SILENT,UPHIN/2009/28903,16-09-2009,Hindi,Weekly,VIKALP GUPTA,VIKALP GUPTA,Uttar Pradesh,Lucknow,View  registration details for THE VOICE OF SILENT (UPHIN/2009/28903)
73923,THE VOICE OF THE WORKING WOMAN,37025,20-12-1980,English,Monthly,DR K HEMLATA,ALL INDIA CO-ORDINATION COMMITTEE OF WORKING WOMEN,Delhi,New Delhi,View  registration details for THE VOICE OF THE WORKING WOMAN (37025)
73924,THE VOICE OF WADI,WBBEN/2014/56111,05-07-2014,Bengali,Weekly,SYED RUHUL AMIN,SYED RUHUL AMIN,West Bengal,Purba Medinipur,View  registration details for THE VOICE OF WADI (WBBEN/2014/56111)
73925,THE VOICE TIMES,ASSENG/2013/70624,03-03-2017,English,Daily,ALOK DAS,ALOK DAS,Assam,Cachar,View  registration details for THE VOICE TIMES (ASSENG/2013/70624)
73926,The VOX India,JKENG/26/A0371,16-01-2026,English,Other,IRFAN AH LONE,IRFAN AH LONE,Jammu and Kashmir,Kupwara,View  registration details for The VOX India (JKENG/26/A0371)
73927,THE VYAPAR BHARATI,17484,15-01-1969,Hindi,Daily,RAMVIR SINGH RAGHAV,VYAPAR BHARTI NEWSPAPERS PVT. LTD.,Delhi,New Delhi,View  registration details for THE VYAPAR BHARATI (17484)
73928,THE WAGHELA VRITTANT TIMES,MPHIN/26/A2458,13-04-2026,Hindi,Weekly,Yusuf Patel,Sangeeta Bai,Madhya Pradesh,Dhar,View  registration details for THE WAGHELA VRITTANT TIMES (MPHIN/26/A2458)
73929,THE WALWA KRANTI,MAHMAR/2019/77599,20-06-2019,Marathi,Daily,GAJANAN SHAMRAO SHELKE,GAJANAN SHAMRAO SHELKE,Maharashtra,Sangli,View  registration details for THE WALWA KRANTI (MAHMAR/2019/77599)
73930,THE WAR CRY,69291,05-11-1998,English,Monthly,SIMON SATHYAMANGALAM PAULOSE,THE SALVATION ARMY,West Bengal,Kolkata,View  registration details for THE WAR CRY (69291)
73931,THE WATCHMAN CHRONICLES,UPHIN/2014/56130,04-07-2014,Hindi,Weekly,ASHISH AGRAJ,ASHISH AGRAJ,Uttar Pradesh,Meerut,View  registration details for THE WATCHMAN CHRONICLES (UPHIN/2014/56130)
73932,THE WATER EXPRESS,GUJMUL/2011/39407,02-11-2011,"English, Gujarati, Hindi",Monthly,J. B. VYAS,J.B. VYAS,Gujarat,Ahmedabad,View  registration details for THE WATER EXPRESS (GUJMUL/2011/39407)
73933,THE WATER OF INDIA,56429,11-03-1993,Hindi,Weekly,DINESH TRIVEDI,DINESH TRIVEDI,Madhya Pradesh,Rewa,View  registration details for THE WATER OF INDIA (56429)
73934,THE WATER OF INDIA,54415,08-04-1992,Hindi,Weekly,DINESH TRIVEDI,DINESH TRIVEDI,Uttar Pradesh,Unnao,View  registration details for THE WATER OF INDIA (54415)
73935,THE WATER OF INDIA,35362,12-12-2005,Hindi,Weekly,DINESH TRIVEDI,DINESH TRIVEDI,Uttar Pradesh,Kanpur Nagar,View  registration details for THE WATER OF INDIA (35362)
73936,THE WAZIRPUR TIMES,57345,12-12-2005,Hindi,Fortnightly,SHYAM SUNDER,SHYAM SUNDER,Delhi,New Delhi,View  registration details for THE WAZIRPUR TIMES (57345)
73937,THE WAZIRPUR TIMES,DELHIN/2002/06168,08-03-2002,Hindi,Weekly,SHYAM SUNDER,SHYAM SUNDER,Delhi,New Delhi,View  registration details for THE WAZIRPUR TIMES (DELHIN/2002/06168)
73938,THE WEAPON DE FACTO,MAHENG/2013/52596,15-10-2013,English,Weekly,HYDER HUSSAIN AEJAZ,HYDER HUSSAIN AEJAZ,Maharashtra,Mumbai,View  registration details for THE WEAPON DE FACTO (MAHENG/2013/52596)
73939,THE WEDNESDAY INDIA,ODIBIL/2012/43410,26-06-2012,"English, Oriya",Weekly,SURAJIT PANI,SURAJIT PANI,Odisha,Dhenkanal,View  registration details for THE WEDNESDAY INDIA (ODIBIL/2012/43410)
73940,THE WEDNESDAY NEWS,UTTHIN/2013/51954,13-09-2013,Hindi,Weekly,NAWAB,NAWAB,Uttarakhand,Dehradun,View  registration details for THE WEDNESDAY NEWS (UTTHIN/2013/51954)
73941,THE WEDNESDAY NEWS,UPHIN/2012/42534,25-05-2012,Hindi,Monthly,NAWAB,NAWAB,Uttar Pradesh,Saharanpur,View  registration details for THE WEDNESDAY NEWS (UPHIN/2012/42534)
73942,THE WEEK,36122,09-04-2014,English,Weekly,JACOB MATHEW,THE MALAYALA MANORAMA CO. LTD.,Kerala,Ernakulam,View  registration details for THE WEEK (36122)
73943,THE WEEK NEWS,UPHIN/2007/22455,08-01-2008,Hindi,Daily,RAJNEESH KESARVANI,RAJNEESH KESARVANI,Uttar Pradesh,Prayagraj,View  registration details for THE WEEK NEWS (UPHIN/2007/22455)
73944,THE WEEK NEWS,UPHIN/2016/71911,24-05-2017,Hindi,Monthly,RAJNEESH KESARWANI,RAJNEESH KESARVANI,Uttar Pradesh,Prayagraj,View  registration details for THE WEEK NEWS (UPHIN/2016/71911)
73945,THE WEEK NEWS,UPHIN/2003/09594,10-04-2003,Hindi,Weekly,RAJNEESH KESARVANI,RAJNEESH KESARVANI,Uttar Pradesh,Prayagraj,View  registration details for THE WEEK NEWS (UPHIN/2003/09594)
73946,THE WEEKLY DOSE,UPBIL/2023/86806,03-04-2024,"English, HINDI",Weekly,SHAKTI,SHAKTI,Uttar Pradesh,Gautam Buddha Nagar,View  registration details for THE WEEKLY DOSE (UPBIL/2023/86806)
73947,THE WEEKLY REVEAL,ASSENG/2024/90382,23-12-2024,ENGLISH,Weekly,ABHIJIT CHALIHA,ABHIJIT CHALIHA,Assam,Dibrugarh,View  registration details for THE WEEKLY REVEAL (ASSENG/2024/90382)
73948,THE WEEKLY TIMES,57393,20-07-1994,Hindi,Weekly,MOHD JOSHI,MOHD JOSHI,Delhi,New Delhi,View  registration details for THE WEEKLY TIMES (57393)
73949,THE WESTERN EXPRESS,GUJENG/2013/48744,21-03-2013,English,Daily,NAVINKUMAR GOPALBHAI DABGAR,NAVIN KUMAR GOPALBHAI DABGAR,Gujarat,Ahmedabad,View  registration details for THE WESTERN EXPRESS (GUJENG/2013/48744)
73950,THE WESTERN MUMBAI,MAHBIL/2013/51247,02-08-2013,"English, HINDI",Weekly,SHIBUKUMAR VELUKUTTY,SHIBUKUMAR VELUKUTTY,Maharashtra,Thane,View  registration details for THE WESTERN MUMBAI (MAHBIL/2013/51247)
73951,THE WESTERN OBSERVER,MAHHIN/2014/59115,23-12-2014,Hindi,Weekly,PRAMENDRA KAMLAKAR SINGH,PRAMENDRA KAMLAKAR SINGH,Maharashtra,Thane,View  registration details for THE WESTERN OBSERVER (MAHHIN/2014/59115)
73952,THE WIMWIAN,GUJENG/2018/76969,07-03-2019,English,Thrice In a Year,Pradosh Vasudevan Thiya,"INDIAN INSTITUTE OF MANAGEMENT, AHMEDABAD",Gujarat,Ahmedabad,View  registration details for THE WIMWIAN (GUJENG/2018/76969)
73953,THE WING INDIA,UPHIN/2003/11854,13-02-2004,Hindi,Quarterly,GANGA PRASAD DIKSHIT,GANGA PRASAD DIKSHIT,Uttar Pradesh,Lucknow,View  registration details for THE WING INDIA (UPHIN/2003/11854)
73954,THE WING INDIA,UPHIN/2013/51015,24-07-2013,Hindi,Daily,GANGA PRASAD DIKSHIT,GANGA PRASAD DIKSHIT,Uttar Pradesh,Lucknow,View  registration details for THE WING INDIA (UPHIN/2013/51015)
73955,THE WOMANIYA TIMES,UPHIN/2021/81679,18-07-2022,Hindi,Monthly,PREETI PANDEY,PREETI PANDEY,Uttar Pradesh,Gautam Buddha Nagar,View  registration details for THE WOMANIYA TIMES (UPHIN/2021/81679)
73956,THE WOMEN NEWS,UPHIN/2021/82908,05-12-2022,Hindi,Daily,CHANCHAL SINGH,CHANCHAL SINGH,Uttar Pradesh,Gautam Buddha Nagar,View  registration details for THE WOMEN NEWS (UPHIN/2021/82908)
73957,THE WOMEN NOW,TELBIL/2021/81805,04-08-2022,"English, HINDI",Monthly,KAMINI VERMA,KAMINI VERMA,Telangana,Hyderabad,View  registration details for THE WOMEN NOW (TELBIL/2021/81805)
73958,THE WOMEN SOUL,APTEL/2018/76217,15-10-2018,Telugu,Monthly,PUVVALA NAGADEEPIKA,PUVVALA NAGA DEEPIKA,Andhra Pradesh,Sri Potti Sriramulu Nellore,View  registration details for THE WOMEN SOUL (APTEL/2018/76217)
73959,THE WONDER EYE,66548,05-09-1997,Punjabi,Weekly,JATINDER VERMA,JATINDER VERMA,Punjab,Patiala,View  registration details for THE WONDER EYE (66548)
73960,THE WORD AMONG US,MPENG/2003/09738,27-11-2012,English,Bimonthly (Once in two months),CLARENCE SRAMBICAL,BOARD OF THE WORD AMONG US,Madhya Pradesh,Indore,View  registration details for THE WORD AMONG US (MPENG/2003/09738)
73961,THE WORD OF CHRIST,TNTAM/2000/03629,03-07-2000,Tamil,Monthly,B. ARJUNAN,B.ARJUNAN,Tamil Nadu,Dindigul,View  registration details for THE WORD OF CHRIST (TNTAM/2000/03629)
73962,THE WORKING CLASS,18560,29-06-2012,English,Monthly,TAPAN SEN,CENTRE OF INDIAN TRADE UNIONS,Delhi,New Delhi,View  registration details for THE WORKING CLASS (18560)
73963,THE WORKING JOURNALIST,612,05-08-1955,English,Monthly,M.K.RAMAMIRTHI,INDIAN FEDERATION OF WORKING JOURNALIST,Delhi,New Delhi,View  registration details for THE WORKING JOURNALIST (612)
73964,THE WORKING JOURNALIST,DELENG/2018/76003,10-09-2018,English,Monthly,PARMANAND PANDEY,INDIAN FEDERATION OF WORKING JOURNALIST,Delhi,New Delhi,View  registration details for THE WORKING JOURNALIST (DELENG/2018/76003)
73965,THE WORLD EXPRESS,67896,18-03-1998,Urdu,Weekly,ILYAS ALI QUARAISHI,LIYAS ALI QURAISHI,Andhra Pradesh,Hyderabad,View  registration details for THE WORLD EXPRESS (67896)
73966,THE WORLD OF B SCHOOLS,DELENG/2002/06387,08-02-2002,English,Annual,SALIL KUMAR DATTA,,Delhi,New Delhi,View  registration details for THE WORLD OF B SCHOOLS (DELENG/2002/06387)
73967,THE WORLD OF HARO KRISHAN,61672,03-05-1993,English,Monthly,P DOVAISAMUY,N SUBRAMANIAN,Kerala,Coimbatore,View  registration details for THE WORLD OF HARO KRISHAN (61672)
73968,THE WORLD RENEWAL,19818,05-08-2013,English,Monthly,B. K. ATMA PRAKASH,BRAHMA KUMARI ISWARIA VISHWAVIDYALAYA,Rajasthan,Sirohi,View  registration details for THE WORLD RENEWAL (19818)
73969,THE WORLD TODAY,MPURD/2016/67433,13-06-2016,Urdu,Monthly,NOOR ULLAH KHAN,NOOR ULLAH KHAN,Madhya Pradesh,Bhopal,View  registration details for THE WORLD TODAY (MPURD/2016/67433)
73970,THE WORLD TODAY,MPHIN/2017/73749,09-11-2017,Hindi,Monthly,NOOR ULLAH KHAN,NOOR ULLAH KHAN,Madhya Pradesh,Bhopal,View  registration details for THE WORLD TODAY (MPHIN/2017/73749)
73971,THE WORLD TODAY,MPURD/2022/85926,01-01-2024,Urdu,Monthly,NOOR ULLAH KHAN,NOOR ULLAH KHAN,Madhya Pradesh,Ashoknagar,View  registration details for THE WORLD TODAY (MPURD/2022/85926)
73972,THE WORLD TOUR,PUNPUN/2016/70484,27-02-2017,Punjabi,Monthly,GURINDER SINGH,RAJIV KUMAR SHARMA,Punjab,Jalandhar,View  registration details for THE WORLD TOUR (PUNPUN/2016/70484)
73973,THE WORLD VARTA,UTTHIN/2006/16251,06-03-2006,Hindi,Weekly,Abdul Malik,Abdul Malik,Uttarakhand,Dehradun,View  registration details for THE WORLD VARTA (UTTHIN/2006/16251)
73974,THE WORLD WITNESS,JKENG/25/A4927,09-12-2025,English,Monthly,GOWHAR MIR,GOWHAR MIR,Jammu and Kashmir,Srinagar,View  registration details for THE WORLD WITNESS (JKENG/25/A4927)
73975,THE WORLD'S MIRROR,DELENG/2023/90213,22-11-2024,ENGLISH,Daily,TARUN KUMAR,TARUN KUMAR,Delhi,New Delhi,View  registration details for THE WORLD'S MIRROR (DELENG/2023/90213)
73976,THE WORLDS MIRROR,DELENG/2013/55446,29-04-2014,English,Fortnightly,TARUN KUMAR,TARUN KUMAR,Delhi,New Delhi,View  registration details for THE WORLDS MIRROR (DELENG/2013/55446)
73977,THE WRITE TIMES,CHAMUL/2016/66556,29-03-2016,"English, Punjabi, Hindi",Monthly,RAJNI KHORANA,RAJNI KHORANA,Chandigarh,Chandigarh,View  registration details for THE WRITE TIMES (CHAMUL/2016/66556)
73978,THE WRITERS MIRROR,UPENG/26/A6189,28-07-2026,English,Monthly,SHOBHA BHATT,SHOBHA BHATT,Uttar Pradesh,Lucknow,View  registration details for THE WRITERS MIRROR (UPENG/26/A6189)
73979,THE WRITERS MIRROR,UPENG/2018/75473,11-06-2018,English,Weekly,SHOBHA BHATT,SHOBHA BHATT,Uttar Pradesh,Lucknow,View  registration details for THE WRITERS MIRROR (UPENG/2018/75473)
73980,THE YAM TIMES,UPENG/2012/45707,12-10-2012,English,Daily,MIR FIRASATH ALI BAQRI,MIR FIRASATH ALI BAQRI,Uttar Pradesh,Lucknow,View  registration details for THE YAM TIMES (UPENG/2012/45707)
73981,THE YAM TIMES,DELENG/2016/70262,27-01-2017,English,Daily,MIR FIRASATH ALI BAQRI,MIR FIRASATH ALI BAQRI,Delhi,New Delhi,View  registration details for THE YAM TIMES (DELENG/2016/70262)
73982,THE YAM TIMES,APENG/2000/01053,17-05-2000,English,Daily,MIR FIRASATH ALI BAQRI,MIR FIRASATH ALI BAQRI,Telangana,Hyderabad,View  registration details for THE YAM TIMES (APENG/2000/01053)
73983,THE YAVATMAL SUPER,MHBIL/26/A3882,19-05-2026,"Hindi, Marathi",Daily,NITIN KESHAVRAO BHOOSREDDY,NITIN KESHAVRAO BHOOSREDDY,Maharashtra,Yavatmal,View  registration details for THE YAVATMAL SUPER (MHBIL/26/A3882)
73984,THE YOGA REVIEW,TNENG/2022/82367,17-10-2022,English,Monthly,DR. K.KAMALAKKANNAN,ARUNAI PUBLICATIONS PRIVATE LIMITED,Tamil Nadu,Tiruvannamalai,View  registration details for THE YOGA REVIEW (TNENG/2022/82367)
73985,The Young Bengal,WBENG/26/A0749,23-01-2026,English,Weekly,Dinabandhu Pal,Dinabandhu Pal,West Bengal,Purba Bardhaman,View  registration details for The Young Bengal (WBENG/26/A0749)
73986,THE YOUNG EXPLORERS,WBENG/26/A3682,13-05-2026,English,Monthly,Md Shoaib Alam,SORROW SOCIAL ORGANISATION,West Bengal,South 24 Parganas,View  registration details for THE YOUNG EXPLORERS (WBENG/26/A3682)
73987,THE YOUNG TIMES,JKENG/2002/09785,08-05-2003,English,Fortnightly,BANU LANGER,BANU LANGER,Jammu and Kashmir,Jammu,View  registration details for THE YOUNG TIMES (JKENG/2002/09785)
73988,THE YOUNGEST,KERENG/2006/16836,10-07-2006,English,Monthly,GEORGE JOSEPH,GEORGE JOSEPH,Kerala,Kottayam,View  registration details for THE YOUNGEST (KERENG/2006/16836)
73989,THE YOUNGSTERS TODAY,MPENG/2017/73902,14-01-2021,English,Weekly,RAMAN NAMDEV,RAMAN NAMDEV,Madhya Pradesh,Bhopal,View  registration details for THE YOUNGSTERS TODAY (MPENG/2017/73902)
73990,THE YOUTH COSMO,MAHENG/2023/88910,13-09-2024,ENGLISH,Bimonthly (Once in two months),Nidhi Nagaraj Bennur,INVOKE BRANDWORKS LLP,Maharashtra,Pune,View  registration details for THE YOUTH COSMO (MAHENG/2023/88910)
73991,THE YOUTH IDEAS,UPBIL/2024/87754,02-07-2024,BILINGUAL,Monthly,PRADEEP CHANDRA TIWARI,PRADEEP CHANDRA TIWARI,Uttar Pradesh,Bareilly,View  registration details for THE YOUTH IDEAS (UPBIL/2024/87754)
73992,THE YOUTH INDIA,TNBIL/2015/66352,04-03-2016,"English, Tamil",Fortnightly,T.S. SUYAMBURAJAN,T.S.SUYAMBURAJAN,Tamil Nadu,Chennai,View  registration details for THE YOUTH INDIA (TNBIL/2015/66352)
73993,THE YOUTH MAIL,UPBIL/2012/47223,31-12-2012,"English, HINDI",Weekly,HIMANSHU CHATURVEDI,HIMANSHU CHATURVEDI,Uttar Pradesh,Lucknow,View  registration details for THE YOUTH MAIL (UPBIL/2012/47223)
73994,THE YOUTH PLUS,JKENG/2012/47545,18-01-2013,English,Weekly,DINESH BHALLA,DINESH BHALLA,Jammu and Kashmir,Jammu,View  registration details for THE YOUTH PLUS (JKENG/2012/47545)
73995,THE YUG LEADER,DELENG/2016/68611,07-09-2016,English,Daily,RAJESH KUMAR,RAJESH KUMAR,Delhi,New Delhi,View  registration details for THE YUG LEADER (DELENG/2016/68611)
73996,THE YUGAVANI,2089,04-03-1957,Hindi,Weekly,SANJAY KOTHIYAL,SANJAY KOTHIYAL,Uttarakhand,Dehradun,View  registration details for THE YUGAVANI (2089)
73997,THE YUGAVANI,UTTHIN/2000/04886,21-11-2000,Hindi,Monthly,SANJAY KOTHIYAL,SANJAY KOTHIYAL,Uttarakhand,Dehradun,View  registration details for THE YUGAVANI (UTTHIN/2000/04886)
73998,THE ZAHEEN,MAHURD/2017/72724,26-07-2017,Urdu,Monthly,M. A. RASHEED ANSARI,M. A. RASHEED ANSARI,Maharashtra,Parbhani,View  registration details for THE ZAHEEN (MAHURD/2017/72724)
73999,THE ZOZAM TIMES,MIZMIZ/2006/16849,11-07-2006,English,Daily,TUIKHUAHTHANGA,TUIKHUAHTHANGA,Mizoram,Aizawl,View  registration details for THE ZOZAM TIMES (MIZMIZ/2006/16849)
74000,THEATA TELUPU,TNTEL/2017/74075,05-12-2017,Telugu,Monthly,K. R. NAGARAJAN,K R NAGARAJAN,Tamil Nadu,Tiruppur,View  registration details for THEATA TELUPU (TNTEL/2017/74075)
